Network,lat,lon,id,Loc
PPA,40.4422,-79.9426,2141,Pittsburg
PPA,40.4422,-79.9426,2142,Pittsburg
PPA,40.4421,-79.9423,2179,Pittsburg
PPA,40.4421,-79.9423,2180,Pittsburg
PPA,40.4421,-79.942,2181,Pittsburg
PPA,40.4421,-79.942,2182,Pittsburg
PPA,40.4427,-79.9446,2190,Pittsburg
PPA,40.6574,-80.3111,2195,Pittsburg
PPA,40.6574,-80.3111,2196,Pittsburg
PPA,40.485,-80.0479,2197,Pittsburg
PPA,40.485,-80.0479,2198,Pittsburg
PPA,40.4421,-79.9426,2271,Pittsburg
PPA,40.4421,-79.9426,2272,Pittsburg
PPA,40.4421,-79.9424,2273,Pittsburg
PPA,40.4421,-79.9424,2274,Pittsburg
PPA,40.6686,-79.7312,2936,Pittsburg
PPA,40.6686,-79.7312,2937,Pittsburg
PPA,40.4226,-79.9249,3461,Pittsburg
PPA,40.4226,-79.9249,3462,Pittsburg
PPA,40.4226,-79.9236,3463,Pittsburg
PPA,40.4226,-79.9236,3464,Pittsburg
PPA,40.4226,-79.9227,3467,Pittsburg
PPA,40.4226,-79.9227,3468,Pittsburg
PPA,40.4226,-79.9249,3469,Pittsburg
PPA,40.4226,-79.9249,3470,Pittsburg
PPA,40.4226,-79.9242,3602,Pittsburg
PPA,40.4226,-79.9242,3603,Pittsburg
PPA,40.448,-79.9159,3723,Pittsburg
PPA,40.448,-79.9159,3724,Pittsburg
PPA,40.4379,-79.9556,3973,Pittsburg
PPA,40.4379,-79.9556,3981,Pittsburg
PPA,40.4379,-79.9556,3982,Pittsburg
PPA,40.4379,-79.9556,3985,Pittsburg
PPA,40.4338,-79.8762,3986,Pittsburg
PPA,40.4338,-79.8762,3987,Pittsburg
PPA,40.4379,-79.9556,4007,Pittsburg
PPA,40.4379,-79.9552,4024,Pittsburg
PPA,40.4379,-79.9552,4025,Pittsburg
PPA,40.6255,-79.8654,4295,Pittsburg
PPA,40.6255,-79.8654,4296,Pittsburg
PPA,40.3269,-79.7064,4510,Pittsburg
PPA,40.3269,-79.7064,4511,Pittsburg
PPA,40.1071,-79.783,4516,Pittsburg
PPA,40.1071,-79.783,4517,Pittsburg
PPA,40.6362,-80.0935,4529,Pittsburg
PPA,40.6362,-80.0935,4530,Pittsburg
PPA,40.3845,-80.0479,4531,Pittsburg
PPA,40.3845,-80.0479,4532,Pittsburg
PPA,40.3451,-79.8745,5528,Pittsburg
PPA,40.3451,-79.8745,5529,Pittsburg
PPA,40.6676,-79.7308,5794,Pittsburg
PPA,40.6676,-79.7308,5795,Pittsburg
PPA,40.245,-80.1898,5944,Pittsburg
PPA,40.245,-80.1898,5945,Pittsburg
PPA,40.2574,-79.158,6378,Pittsburg
PPA,40.2574,-79.158,6379,Pittsburg
PPA,40.5095,-80.0855,7602,Pittsburg
PPA,40.5095,-80.0855,7603,Pittsburg
PPA,40.4784,-79.957,7604,Pittsburg
PPA,40.4784,-79.957,7605,Pittsburg
PPA,40.4379,-79.9556,7607,Pittsburg
PPA,40.4379,-79.9556,7609,Pittsburg
PPA,40.4379,-79.9556,7611,Pittsburg
PPA,40.4379,-79.9556,7659,Pittsburg
PPA,40.4379,-79.9556,7665,Pittsburg
PPA,40.4151,-79.8426,9010,Pittsburg
PPA,40.4151,-79.8426,9011,Pittsburg
PPA,40.6054,-79.9292,9012,Pittsburg
PPA,40.6054,-79.9292,9013,Pittsburg
PPA,40.5723,-79.8475,9014,Pittsburg
PPA,40.5723,-79.8475,9015,Pittsburg
PPA,40.421,-79.9142,9016,Pittsburg
PPA,40.421,-79.9142,9017,Pittsburg
PPA,40.4743,-79.963,9022,Pittsburg
PPA,40.4743,-79.963,9023,Pittsburg
PPA,40.4784,-79.9301,9026,Pittsburg
PPA,40.4784,-79.9301,9027,Pittsburg
PPA,40.3051,-80.0496,9036,Pittsburg
PPA,40.3051,-80.0496,9037,Pittsburg
PPA,40.445,-79.915,9038,Pittsburg
PPA,40.445,-79.915,9039,Pittsburg
PPA,40.3052,-80.0495,9043,Pittsburg
PPA,40.4344,-79.9099,9044,Pittsburg
PPA,40.4344,-79.9099,9045,Pittsburg
PPA,40.4019,-79.8655,9080,Pittsburg
PPA,40.4019,-79.8655,9081,Pittsburg
PPA,40.4741,-80.0584,9090,Pittsburg
PPA,40.4741,-80.0584,9091,Pittsburg
PPA,40.4363,-79.9076,9096,Pittsburg
PPA,40.4363,-79.9076,9097,Pittsburg
PPA,40.4224,-79.8773,9104,Pittsburg
PPA,40.4224,-79.8773,9105,Pittsburg
PPA,40.4235,-79.9271,9502,Pittsburg
PPA,40.4235,-79.9271,9503,Pittsburg
PPA,40.1653,-80.3555,9616,Pittsburg
PPA,40.1653,-80.3555,9617,Pittsburg
PPA,40.3838,-79.9089,9728,Pittsburg
PPA,40.3838,-79.9089,9729,Pittsburg
PPA,40.3891,-79.8755,9858,Pittsburg
PPA,40.3891,-79.8755,9859,Pittsburg
PPA,40.4018,-79.8653,9860,Pittsburg
PPA,40.4018,-79.8653,9861,Pittsburg
PPA,40.4851,-79.8792,9864,Pittsburg
PPA,40.4851,-79.8792,9865,Pittsburg
PPA,40.3976,-79.8462,9868,Pittsburg
PPA,40.3976,-79.8462,9869,Pittsburg
PPA,40.4501,-79.9109,9878,Pittsburg
PPA,40.4501,-79.9109,9879,Pittsburg
PPA,40.4729,-79.9137,9880,Pittsburg
PPA,40.4729,-79.9137,9881,Pittsburg
PPA,40.4548,-80.0106,9889,Pittsburg
PPA,40.4303,-79.9177,9892,Pittsburg
PPA,40.4303,-79.9177,9893,Pittsburg
PPA,40.4411,-79.8962,9896,Pittsburg
PPA,40.4411,-79.8962,9897,Pittsburg
PPA,40.4698,-79.9262,9898,Pittsburg
PPA,40.4698,-79.9262,9899,Pittsburg
PPA,40.4973,-79.8844,9900,Pittsburg
PPA,40.4973,-79.8844,9901,Pittsburg
PPA,40.4547,-80.0108,9902,Pittsburg
PPA,40.4547,-80.0108,9903,Pittsburg
PPA,40.6588,-79.9432,9904,Pittsburg
PPA,40.6588,-79.9432,9905,Pittsburg
PPA,40.4298,-79.9542,9906,Pittsburg
PPA,40.4298,-79.9542,9907,Pittsburg
PPA,40.4781,-79.9195,9908,Pittsburg
PPA,40.4781,-79.9195,9909,Pittsburg
PPA,40.4569,-80.0049,10413,Pittsburg
PPA,40.328,-79.8924,10744,Pittsburg
PPA,40.328,-79.8924,10745,Pittsburg
PPA,40.3655,-80.0582,12397,Pittsburg
PPA,40.3655,-80.0582,12398,Pittsburg
PPA,40.364,-79.9734,12963,Pittsburg
PPA,40.364,-79.9734,12964,Pittsburg
PPA,40.4067,-79.7585,13017,Pittsburg
PPA,40.4067,-79.7585,13018,Pittsburg
PPA,40.3103,-79.7337,13971,Pittsburg
PPA,40.3103,-79.7337,13972,Pittsburg
PPA,40.3106,-79.7338,14010,Pittsburg
PPA,40.4307,-79.9294,15043,Pittsburg
PPA,40.4307,-79.9294,15044,Pittsburg
PPA,40.4654,-79.9607,15605,Pittsburg
PPA,40.4654,-79.9607,15606,Pittsburg
PPA,40.5078,-80.0834,15607,Pittsburg
PPA,40.5078,-80.0834,15608,Pittsburg
PPA,40.4655,-79.9607,15621,Pittsburg
PPA,40.4655,-79.9607,15622,Pittsburg
PPA,40.4655,-79.9608,15625,Pittsburg
PPA,40.4655,-79.9608,15626,Pittsburg
PPA,40.4654,-79.9607,15629,Pittsburg
PPA,40.4654,-79.9607,15630,Pittsburg
PPA,40.4623,-79.9679,21277,Pittsburg
PPA,40.4623,-79.9679,21278,Pittsburg
PPA,38.69623,-76.84473,673,Washington
PPA,38.69623,-76.84473,674,Washington
PPA,38.82852,-77.12381,677,Washington
PPA,38.82852,-77.12381,678,Washington
PPA,38.99361,-76.94578,679,Washington
PPA,38.99361,-76.94578,680,Washington
PPA,38.94015,-76.92918,683,Washington
PPA,38.94015,-76.92918,684,Washington
PPA,38.94598,-76.93629,685,Washington
PPA,38.94598,-76.93629,686,Washington
PPA,38.99376,-76.9452,697,Washington
PPA,38.99376,-76.9452,698,Washington
PPA,38.93994,-76.93307,699,Washington
PPA,38.93994,-76.93307,700,Washington
PPA,39.00311,-76.97206,701,Washington
PPA,39.00311,-76.97206,702,Washington
PPA,39.00278,-76.97047,703,Washington
PPA,39.00278,-76.97047,704,Washington
PPA,38.94591,-76.9362,705,Washington
PPA,38.94591,-76.9362,706,Washington
PPA,38.93991,-76.93278,709,Washington
PPA,38.93991,-76.93278,710,Washington
PPA,38.69556,-76.8528,711,Washington
PPA,38.69556,-76.8528,712,Washington
PPA,38.94598,-76.93644,725,Washington
PPA,38.94598,-76.93644,726,Washington
PPA,38.98877,-76.98159,751,Washington
PPA,38.98877,-76.98159,752,Washington
PPA,38.99341,-76.94319,763,Washington
PPA,38.99341,-76.94319,764,Washington
PPA,38.90019,-77.26559,2239,Washington
PPA,38.90019,-77.26559,2240,Washington
PPA,39.26552,-77.18857,2241,Washington
PPA,39.26552,-77.18857,2242,Washington
PPA,38.75786,-77.21985,2329,Washington
PPA,38.75786,-77.21985,2330,Washington
PPA,39.08316,-77.06831,3090,Washington
PPA,39.08316,-77.06831,3091,Washington
PPA,38.845,-77.45517,3157,Washington
PPA,38.845,-77.45517,3158,Washington
PPA,38.87203,-77.11747,4347,Washington
PPA,38.87203,-77.11747,4348,Washington
PPA,38.97315,-78.24708,4427,Washington
PPA,38.97315,-78.24708,4428,Washington
PPA,39.00396,-76.81469,4433,Washington
PPA,39.00396,-76.81469,4434,Washington
PPA,39.00399,-76.8144,4441,Washington
PPA,39.00399,-76.8144,4442,Washington
PPA,39.15819,-77.69833,4591,Washington
PPA,39.15819,-77.69833,4592,Washington
PPA,39.01057,-76.87687,4647,Washington
PPA,39.01057,-76.87687,4648,Washington
PPA,38.78409,-77.49477,5512,Washington
PPA,38.78409,-77.49477,5513,Washington
PPA,39.12412,-77.71613,6612,Washington
PPA,39.12412,-77.71613,6613,Washington
PPA,39.37026,-77.17405,6728,Washington
PPA,39.37026,-77.17405,6729,Washington
PPA,38.92163,-76.92177,7674,Washington
PPA,38.92163,-76.92177,7675,Washington
PPA,38.88133,-77.25712,7750,Washington
PPA,38.88133,-77.25712,7751,Washington
PPA,38.94077,-76.93323,8812,Washington
PPA,38.94077,-76.93323,8813,Washington
PPA,39.04377,-77.01187,9664,Washington
PPA,38.19908,-77.51184,9930,Washington
PPA,38.19908,-77.51184,9932,Washington
PPA,38.83108,-77.07069,11602,Washington
PPA,38.79522,-77.32568,12016,Washington
PPA,38.79522,-77.32568,12017,Washington
PPA,38.89976,-77.08342,12276,Washington
PPA,38.89976,-77.08342,12277,Washington
PPA,38.91849,-77.03739,12965,Washington
PPA,38.91849,-77.03739,12966,Washington
PPA,39.2264,-77.9229,14199,Washington
PPA,39.2264,-77.9229,14200,Washington
PPA,39.00397,-76.81444,14487,Washington
PPA,39.00397,-76.81444,14488,Washington
PPA,38.67887,-77.26004,14687,Washington
PPA,38.67887,-77.26004,14688,Washington
PPA,38.81843,-77.41975,16377,Washington
PPA,38.81843,-77.41975,16378,Washington
PPA,38.97509,-77.00005,17521,Washington
PPA,38.97509,-77.00005,17522,Washington
PPA,38.86977,-77.09143,18160,Washington
PPA,39.38253,-77.84387,18373,Washington
PPA,39.38253,-77.84387,18374,Washington
PPA,39.0707,-77.16571,21222,Washington
PPA,39.0707,-77.16571,21226,Washington
PPA,39.00396,-76.81444,21957,Washington
PPA,39.00396,-76.81444,21958,Washington
PPA,38.88297,-76.98804,23285,Washington
PPA,38.88297,-76.98804,23286,Washington
PPA,38.974,-76.99951,23323,Washington
PPA,38.974,-76.99951,23324,Washington
PPA,38.97492,-77.00001,23640,Washington
PPA,38.97432,-76.99976,24178,Washington
PPA,33.54,-115.939,187,Riverside
PPA,33.54,-115.939,188,Riverside
PPA,33.7003,-116.208,193,Riverside
PPA,33.7003,-116.208,194,Riverside
PPA,33.5729,-116.076,199,Riverside
PPA,33.5729,-116.076,200,Riverside
PPA,34.0596,-117.147,205,Riverside
PPA,34.0596,-117.147,206,Riverside
PPA,34.0623,-117.034,209,Riverside
PPA,34.0623,-117.034,210,Riverside
PPA,34.0472,-117.145,211,Riverside
PPA,34.0472,-117.145,212,Riverside
PPA,34.022,-117.095,213,Riverside
PPA,34.022,-117.095,214,Riverside
PPA,34.0635,-117.267,215,Riverside
PPA,34.0635,-117.267,216,Riverside
PPA,34.0199,-117.063,219,Riverside
PPA,34.0199,-117.063,220,Riverside
PPA,33.9995,-117.415,221,Riverside
PPA,33.9995,-117.415,222,Riverside
PPA,34.0309,-117.189,223,Riverside
PPA,34.0309,-117.189,224,Riverside
PPA,34.0062,-117.04,225,Riverside
PPA,34.0062,-117.04,226,Riverside
PPA,34.069,-117.1,227,Riverside
PPA,34.069,-117.1,228,Riverside
PPA,34.0234,-117.182,229,Riverside
PPA,34.0234,-117.182,230,Riverside
PPA,33.9995,-117.416,232,Riverside
PPA,33.9995,-117.416,233,Riverside
PPA,34.0284,-117.046,234,Riverside
PPA,34.0284,-117.046,235,Riverside
PPA,34.0343,-117.191,236,Riverside
PPA,34.0343,-117.191,237,Riverside
PPA,34.0744,-117.158,238,Riverside
PPA,34.0744,-117.158,239,Riverside
PPA,34.0298,-117.157,240,Riverside
PPA,34.0298,-117.157,241,Riverside
PPA,34.0424,-117.016,242,Riverside
PPA,34.0424,-117.016,243,Riverside
PPA,34.034,-117.187,244,Riverside
PPA,34.034,-117.187,245,Riverside
PPA,34.0672,-117.159,246,Riverside
PPA,34.0672,-117.159,247,Riverside
PPA,34.0192,-117.125,250,Riverside
PPA,34.0192,-117.125,251,Riverside
PPA,34.0214,-117.095,254,Riverside
PPA,34.0214,-117.095,255,Riverside
PPA,34.0413,-117.15,258,Riverside
PPA,34.0413,-117.15,259,Riverside
PPA,34.1199,-117.16,260,Riverside
PPA,34.1199,-117.16,261,Riverside
PPA,34.0761,-117.124,262,Riverside
PPA,34.0761,-117.124,263,Riverside
PPA,34.039,-117.244,503,Riverside
PPA,34.039,-117.244,504,Riverside
PPA,33.6961,-116.192,509,Riverside
PPA,33.6961,-116.192,510,Riverside
PPA,33.63,-117.281,591,Riverside
PPA,33.63,-117.281,592,Riverside
PPA,33.5449,-116.113,597,Riverside
PPA,33.5449,-116.113,598,Riverside
PPA,33.5732,-116.067,599,Riverside
PPA,33.5732,-116.067,600,Riverside
PPA,33.6349,-116.125,601,Riverside
PPA,33.6349,-116.125,602,Riverside
PPA,33.5633,-116.073,1527,Riverside
PPA,33.5633,-116.073,1528,Riverside
PPA,33.971,-117.335,1698,Riverside
PPA,33.971,-117.335,1699,Riverside
PPA,33.971,-117.329,1706,Riverside
PPA,33.971,-117.329,1707,Riverside
PPA,33.9745,-117.328,1708,Riverside
PPA,33.9745,-117.328,1709,Riverside
PPA,33.9819,-117.345,1794,Riverside
PPA,33.9819,-117.345,1795,Riverside
PPA,34.1001,-117.492,1800,Riverside
PPA,34.1001,-117.492,1801,Riverside
PPA,33.8786,-117.351,1804,Riverside
PPA,33.8786,-117.351,1805,Riverside
PPA,33.9133,-117.429,1806,Riverside
PPA,33.9133,-117.429,1807,Riverside
PPA,33.9688,-117.313,1808,Riverside
PPA,33.9688,-117.313,1809,Riverside
PPA,33.8821,-117.333,1810,Riverside
PPA,33.8821,-117.333,1811,Riverside
PPA,33.9878,-117.337,1814,Riverside
PPA,33.9878,-117.337,1815,Riverside
PPA,33.8907,-117.311,1818,Riverside
PPA,33.8907,-117.311,1819,Riverside
PPA,33.9722,-117.386,1822,Riverside
PPA,33.9722,-117.386,1823,Riverside
PPA,33.9394,-117.38,1826,Riverside
PPA,33.9394,-117.38,1827,Riverside
PPA,33.9526,-117.411,1828,Riverside
PPA,33.9526,-117.411,1829,Riverside
PPA,33.9415,-117.415,1832,Riverside
PPA,33.9415,-117.415,1833,Riverside
PPA,33.9995,-117.416,1854,Riverside
PPA,33.9995,-117.416,1855,Riverside
PPA,33.9562,-117.331,2281,Riverside
PPA,33.9562,-117.331,2282,Riverside
PPA,33.8742,-117.346,2285,Riverside
PPA,33.8742,-117.346,2286,Riverside
PPA,33.9584,-117.367,2295,Riverside
PPA,33.9584,-117.367,2296,Riverside
PPA,33.7964,-116.976,2466,Riverside
PPA,33.7964,-116.976,2467,Riverside
PPA,34.242,-116.866,2715,Riverside
PPA,34.242,-116.866,2716,Riverside
PPA,33.7651,-116.958,2725,Riverside
PPA,33.7651,-116.958,2726,Riverside
PPA,33.9266,-117.433,2729,Riverside
PPA,33.9266,-117.433,2730,Riverside
PPA,34.2231,-116.411,2860,Riverside
PPA,34.2231,-116.411,2861,Riverside
PPA,33.5696,-117.141,3009,Riverside
PPA,33.5696,-117.141,3010,Riverside
PPA,34.0559,-117.306,3134,Riverside
PPA,34.0559,-117.306,3135,Riverside
PPA,34.5351,-117.116,3142,Riverside
PPA,34.5351,-117.116,3143,Riverside
PPA,33.9994,-117.416,3537,Riverside
PPA,33.9994,-117.416,3538,Riverside
PPA,34.0011,-117.336,3549,Riverside
PPA,34.0011,-117.336,3550,Riverside
PPA,33.7827,-117.359,4305,Riverside
PPA,33.7827,-117.359,4306,Riverside
PPA,33.9535,-117.31,4660,Riverside
PPA,33.9535,-117.31,4661,Riverside
PPA,33.9428,-117.312,4664,Riverside
PPA,33.9428,-117.312,4665,Riverside
PPA,33.9506,-117.309,4666,Riverside
PPA,33.9506,-117.309,4667,Riverside
PPA,33.9519,-117.306,4672,Riverside
PPA,33.9519,-117.306,4673,Riverside
PPA,33.9531,-117.309,4676,Riverside
PPA,33.9531,-117.309,4677,Riverside
PPA,33.9419,-117.31,4682,Riverside
PPA,33.9419,-117.31,4683,Riverside
PPA,33.9426,-117.304,4694,Riverside
PPA,33.9426,-117.304,4695,Riverside
PPA,33.9437,-117.303,4696,Riverside
PPA,33.9437,-117.303,4697,Riverside
PPA,33.9424,-117.309,4698,Riverside
PPA,33.9424,-117.309,4699,Riverside
PPA,33.9493,-117.306,4704,Riverside
PPA,33.9493,-117.306,4705,Riverside
PPA,33.9462,-117.309,4708,Riverside
PPA,33.9462,-117.309,4709,Riverside
PPA,33.9419,-117.311,4714,Riverside
PPA,33.9419,-117.311,4715,Riverside
PPA,33.9424,-117.309,4716,Riverside
PPA,33.9424,-117.309,4717,Riverside
PPA,33.9429,-117.307,4719,Riverside
PPA,33.9429,-117.307,4720,Riverside
PPA,33.9431,-117.308,4729,Riverside
PPA,33.9431,-117.308,4730,Riverside
PPA,33.9995,-117.416,4731,Riverside
PPA,33.9995,-117.416,4732,Riverside
PPA,33.9536,-117.306,4736,Riverside
PPA,33.9536,-117.306,4737,Riverside
PPA,33.947,-117.306,4740,Riverside
PPA,33.947,-117.306,4741,Riverside
PPA,33.9524,-117.312,4742,Riverside
PPA,33.9524,-117.312,4743,Riverside
PPA,33.9436,-117.304,4744,Riverside
PPA,33.9436,-117.304,4745,Riverside
PPA,33.9995,-117.416,4748,Riverside
PPA,33.9995,-117.416,4749,Riverside
PPA,33.9761,-117.328,4754,Riverside
PPA,33.9761,-117.328,4755,Riverside
PPA,33.9426,-117.307,4758,Riverside
PPA,33.9426,-117.307,4759,Riverside
PPA,33.9421,-117.311,4762,Riverside
PPA,33.9421,-117.311,4763,Riverside
PPA,33.9547,-117.314,4805,Riverside
PPA,33.9547,-117.314,4806,Riverside
PPA,34.0681,-117.526,5266,Riverside
PPA,34.0681,-117.526,5267,Riverside
PPA,34.0309,-117.617,5276,Riverside
PPA,34.0309,-117.617,5277,Riverside
PPA,33.9995,-117.416,5280,Riverside
PPA,33.9995,-117.416,5281,Riverside
PPA,33.9995,-117.416,5284,Riverside
PPA,33.9995,-117.416,5287,Riverside
PPA,33.9263,-117.434,5290,Riverside
PPA,33.9263,-117.434,5291,Riverside
PPA,34.4865,-117.223,5523,Riverside
PPA,34.4865,-117.223,5524,Riverside
PPA,34.4865,-117.223,5525,Riverside
PPA,33.9261,-117.277,5586,Riverside
PPA,33.9261,-117.277,5587,Riverside
PPA,33.7354,-116.371,5628,Riverside
PPA,33.7354,-116.371,5629,Riverside
PPA,34.382,-117.278,6116,Riverside
PPA,34.382,-117.278,6117,Riverside
PPA,34.1065,-117.212,6460,Riverside
PPA,34.1065,-117.212,6461,Riverside
PPA,34.4831,-117.266,6670,Riverside
PPA,34.4831,-117.266,6671,Riverside
PPA,33.9996,-117.416,6806,Riverside
PPA,33.9996,-117.416,6807,Riverside
PPA,34.2617,-117.206,6910,Riverside
PPA,34.2617,-117.206,6911,Riverside
PPA,33.9995,-117.416,6912,Riverside
PPA,33.9995,-117.416,6913,Riverside
PPA,34.0419,-117.67,7228,Riverside
PPA,34.0419,-117.67,7229,Riverside
PPA,33.9997,-117.416,7350,Riverside
PPA,33.9995,-117.416,7358,Riverside
PPA,33.9996,-117.416,7360,Riverside
PPA,34.838,-116.684,7756,Riverside
PPA,34.838,-116.684,7757,Riverside
PPA,34.8141,-116.663,8266,Riverside
PPA,34.8141,-116.663,8267,Riverside
PPA,34.766,-117.326,8268,Riverside
PPA,34.766,-117.326,8269,Riverside
PPA,35.2736,-116.063,8270,Riverside
PPA,35.2736,-116.063,8271,Riverside
PPA,34.4797,-117.189,8272,Riverside
PPA,34.4797,-117.189,8273,Riverside
PPA,33.621,-114.606,8276,Riverside
PPA,33.621,-114.606,8277,Riverside
PPA,34.8673,-116.662,8278,Riverside
PPA,34.8673,-116.662,8279,Riverside
PPA,33.5984,-114.593,8282,Riverside
PPA,33.5984,-114.593,8283,Riverside
PPA,34.4576,-116.939,8286,Riverside
PPA,34.4576,-116.939,8287,Riverside
PPA,34.897,-116.888,8288,Riverside
PPA,34.897,-116.888,8289,Riverside
PPA,35.265,-116.698,8294,Riverside
PPA,35.265,-116.698,8295,Riverside
PPA,34.1468,-115.121,8296,Riverside
PPA,34.1468,-115.121,8297,Riverside
PPA,34.5334,-117.279,8300,Riverside
PPA,34.5334,-117.279,8301,Riverside
PPA,34.8409,-114.617,8304,Riverside
PPA,34.8409,-114.617,8305,Riverside
PPA,34.391,-117.238,8316,Riverside
PPA,34.391,-117.238,8317,Riverside
PPA,34.2908,-114.175,8318,Riverside
PPA,34.2908,-114.175,8319,Riverside
PPA,34.8355,-114.617,8324,Riverside
PPA,34.8355,-114.617,8325,Riverside
PPA,34.4507,-117.644,8326,Riverside
PPA,34.4507,-117.644,8327,Riverside
PPA,35.1425,-116.103,8328,Riverside
PPA,35.1425,-116.103,8329,Riverside
PPA,34.4254,-117.59,8330,Riverside
PPA,34.4254,-117.59,8331,Riverside
PPA,34.4163,-117.286,8332,Riverside
PPA,34.4163,-117.286,8333,Riverside
PPA,34.3614,-117.636,8334,Riverside
PPA,34.3614,-117.636,8335,Riverside
PPA,34.41,-116.907,8336,Riverside
PPA,34.41,-116.907,8337,Riverside
PPA,34.5108,-117.326,8338,Riverside
PPA,34.5108,-117.326,8339,Riverside
PPA,34.4383,-117.452,8340,Riverside
PPA,34.4383,-117.452,8341,Riverside
PPA,34.8939,-117.025,8342,Riverside
PPA,34.8939,-117.025,8343,Riverside
PPA,35.7745,-117.372,8348,Riverside
PPA,35.7745,-117.372,8349,Riverside
PPA,33.9519,-117.696,8444,Riverside
PPA,33.9519,-117.696,8445,Riverside
PPA,34.8374,-116.684,8724,Riverside
PPA,34.8374,-116.684,8725,Riverside
PPA,33.9706,-117.319,8782,Riverside
PPA,33.9706,-117.319,8783,Riverside
PPA,33.9735,-117.332,8785,Riverside
PPA,33.974,-117.326,8801,Riverside
PPA,33.9785,-117.328,8803,Riverside
PPA,33.9752,-117.327,8804,Riverside
PPA,33.9752,-117.327,8805,Riverside
PPA,33.9743,-117.332,8806,Riverside
PPA,33.9743,-117.332,8807,Riverside
PPA,33.7402,-117.433,9176,Riverside
PPA,33.7402,-117.433,9177,Riverside
PPA,33.736,-117.448,9178,Riverside
PPA,33.736,-117.448,9179,Riverside
PPA,33.7618,-117.498,9180,Riverside
PPA,33.7618,-117.498,9181,Riverside
PPA,33.7691,-117.508,9184,Riverside
PPA,33.7691,-117.508,9185,Riverside
PPA,33.7494,-117.461,9186,Riverside
PPA,33.7494,-117.461,9187,Riverside
PPA,33.7895,-117.453,9192,Riverside
PPA,33.7895,-117.453,9193,Riverside
PPA,33.7641,-117.501,9194,Riverside
PPA,33.7641,-117.501,9195,Riverside
PPA,33.7991,-117.528,9196,Riverside
PPA,33.7991,-117.528,9197,Riverside
PPA,33.7932,-117.51,9198,Riverside
PPA,33.7932,-117.51,9199,Riverside
PPA,33.7471,-117.461,9206,Riverside
PPA,33.7471,-117.461,9207,Riverside
PPA,33.7532,-117.469,9208,Riverside
PPA,33.7532,-117.469,9209,Riverside
PPA,33.9994,-117.416,9226,Riverside
PPA,33.9994,-117.416,9227,Riverside
PPA,33.8065,-117.503,9262,Riverside
PPA,33.8065,-117.503,9263,Riverside
PPA,34.2423,-116.93,9268,Riverside
PPA,34.2423,-116.93,9269,Riverside
PPA,33.7195,-117.428,9306,Riverside
PPA,33.7195,-117.428,9307,Riverside
PPA,33.75,-117.469,9314,Riverside
PPA,33.75,-117.469,9315,Riverside
PPA,33.7637,-117.498,9336,Riverside
PPA,33.7637,-117.498,9337,Riverside
PPA,33.7728,-117.501,9338,Riverside
PPA,33.7728,-117.501,9339,Riverside
PPA,33.718,-117.427,9340,Riverside
PPA,33.718,-117.427,9341,Riverside
PPA,33.7888,-117.505,9344,Riverside
PPA,33.7888,-117.505,9345,Riverside
PPA,33.7368,-117.447,9352,Riverside
PPA,33.7368,-117.447,9353,Riverside
PPA,33.9993,-117.416,9358,Riverside
PPA,33.9993,-117.416,9359,Riverside
PPA,33.7267,-117.419,9362,Riverside
PPA,33.7267,-117.419,9363,Riverside
PPA,33.7772,-117.504,9364,Riverside
PPA,33.7772,-117.504,9365,Riverside
PPA,33.7848,-117.505,9376,Riverside
PPA,33.7848,-117.505,9377,Riverside
PPA,33.7621,-117.5,9382,Riverside
PPA,33.7621,-117.5,9383,Riverside
PPA,33.7993,-117.53,9386,Riverside
PPA,33.7993,-117.53,9387,Riverside
PPA,33.7199,-117.423,9390,Riverside
PPA,33.7199,-117.423,9391,Riverside
PPA,33.7611,-117.481,9392,Riverside
PPA,33.7611,-117.481,9393,Riverside
PPA,33.7786,-117.51,9394,Riverside
PPA,33.7786,-117.51,9395,Riverside
PPA,33.7831,-117.499,9396,Riverside
PPA,33.7831,-117.499,9397,Riverside
PPA,33.7464,-117.46,9398,Riverside
PPA,33.7464,-117.46,9399,Riverside
PPA,33.7847,-117.503,9402,Riverside
PPA,33.7847,-117.503,9403,Riverside
PPA,33.7988,-117.522,9404,Riverside
PPA,33.7988,-117.522,9405,Riverside
PPA,33.7361,-117.45,9408,Riverside
PPA,33.7361,-117.45,9409,Riverside
PPA,33.7738,-117.501,9410,Riverside
PPA,33.7738,-117.501,9411,Riverside
PPA,33.7658,-117.477,9422,Riverside
PPA,33.7658,-117.477,9423,Riverside
PPA,34,-117.416,9464,Riverside
PPA,34,-117.416,9465,Riverside
PPA,34.1787,-116.1,10018,Riverside
PPA,34.1787,-116.1,10019,Riverside
PPA,34.0458,-117.175,10022,Riverside
PPA,34.0458,-117.175,10023,Riverside
PPA,33.7206,-117.417,10204,Riverside
PPA,33.7206,-117.417,10205,Riverside
PPA,33.8336,-117.544,10628,Riverside
PPA,33.8336,-117.544,10629,Riverside
PPA,34.559,-117.152,11136,Riverside
PPA,34.559,-117.152,11137,Riverside
PPA,34.4161,-117.516,11640,Riverside
PPA,34.4161,-117.516,11641,Riverside
PPA,34.2553,-116.822,12000,Riverside
PPA,34.2553,-116.822,12001,Riverside
PPA,33.8343,-117.541,12064,Riverside
PPA,33.8343,-117.541,12065,Riverside
PPA,33.7677,-116.479,12401,Riverside
PPA,33.7677,-116.479,12402,Riverside
PPA,34.1361,-117.659,12865,Riverside
PPA,34.1361,-117.659,12866,Riverside
PPA,34.9081,-116.663,13943,Riverside
PPA,34.9081,-116.663,13944,Riverside
PPA,34.1429,-117.673,14311,Riverside
PPA,34.1429,-117.673,14312,Riverside
PPA,34.8509,-116.679,14491,Riverside
PPA,34.8509,-116.679,14492,Riverside
PPA,33.8209,-117.132,15975,Riverside
PPA,33.8209,-117.132,15976,Riverside
PPA,33.7945,-116.291,17273,Riverside
PPA,33.7945,-116.291,17274,Riverside
PPA,33.9765,-117.328,17473,Riverside
PPA,33.9765,-117.328,17474,Riverside
PPA,33.6721,-116.319,17625,Riverside
PPA,33.6721,-116.319,17626,Riverside
PPA,33.986,-117.324,17767,Riverside
PPA,33.986,-117.324,17768,Riverside
PPA,33.9884,-117.374,17907,Riverside
PPA,33.9884,-117.374,17908,Riverside
PPA,34.0654,-117.333,18013,Riverside
PPA,34.0654,-117.333,18014,Riverside
PPA,33.6721,-116.319,18101,Riverside
PPA,33.6721,-116.319,18102,Riverside
PPA,33.9601,-117.34,18179,Riverside
PPA,33.9601,-117.34,18180,Riverside
PPA,33.986,-116.54,19487,Riverside
PPA,33.986,-116.54,19488,Riverside
PPA,34.2402,-116.834,20583,Riverside
PPA,34.2402,-116.834,20584,Riverside
PPA,34.416,-117.516,21375,Riverside
PPA,34.416,-117.516,21376,Riverside
PPA,34.5021,-117.252,21436,Riverside
PPA,34.5021,-117.252,21437,Riverside
PPA,34.838,-116.685,24701,Riverside
PPA,34.838,-116.685,24702,Riverside
PPA,37.362,-121.889,100,California
PPA,37.6594,-121.861,275,California
PPA,38.234,-122.638,381,California
PPA,38.234,-122.638,382,California
PPA,37.3353,-121.895,743,California
PPA,37.3353,-121.895,744,California
PPA,37.7091,-121.922,767,California
PPA,37.7091,-121.922,768,California
PPA,37.8796,-122.254,1005,California
PPA,37.8783,-122.252,1013,California
PPA,37.8463,-122.266,1015,California
PPA,37.6725,-120.358,1178,California
PPA,37.6725,-120.358,1179,California
PPA,37.4501,-119.849,1184,California
PPA,37.4501,-119.849,1185,California
PPA,37.6728,-119.808,1192,California
PPA,37.6728,-119.808,1193,California
PPA,38.5629,-121.463,1197,California
PPA,38.5684,-121.493,1208,California
PPA,38.5684,-121.493,1209,California
PPA,37.4882,-119.964,1212,California
PPA,37.4882,-119.964,1213,California
PPA,37.5502,-119.643,1216,California
PPA,37.5502,-119.643,1217,California
PPA,37.7684,-122.402,1226,California
PPA,37.7684,-122.402,1227,California
PPA,37.4884,-119.968,1296,California
PPA,37.4884,-119.968,1297,California
PPA,37.5006,-119.84,1304,California
PPA,37.5006,-119.84,1305,California
PPA,37.6287,-122.488,1596,California
PPA,37.6287,-122.488,1597,California
PPA,37.3134,-121.939,1636,California
PPA,37.3134,-121.939,1637,California
PPA,37.7581,-122.508,1742,California
PPA,37.7581,-122.508,1743,California
PPA,38.1105,-122.243,1870,California
PPA,38.1105,-122.243,1871,California
PPA,38.1036,-122.189,1872,California
PPA,38.1036,-122.189,1873,California
PPA,38.0668,-122.22,1874,California
PPA,38.0668,-122.22,1875,California
PPA,38.078,-122.23,1882,California
PPA,38.078,-122.23,1883,California
PPA,37.7332,-122.424,2031,California
PPA,37.7332,-122.424,2032,California
PPA,37.3936,-122.347,2063,California
PPA,37.3936,-122.347,2064,California
PPA,37.6422,-120.994,2368,California
PPA,37.6422,-120.994,2369,California
PPA,38.122,-122.233,2480,California
PPA,38.122,-122.233,2481,California
PPA,37.127,-121.984,2484,California
PPA,37.9007,-122.286,2574,California
PPA,37.9007,-122.286,2575,California
PPA,38.6534,-121.162,2586,California
PPA,38.6534,-121.162,2587,California
PPA,38.6814,-121.127,2658,California
PPA,38.6814,-121.127,2659,California
PPA,37.99,-122.581,2856,California
PPA,37.99,-122.581,2857,California
PPA,37.3245,-122.062,2858,California
PPA,37.3245,-122.062,2859,California
PPA,37.5963,-122.07,2883,California
PPA,37.5963,-122.07,2884,California
PPA,37.3026,-122.058,2888,California
PPA,37.3026,-122.058,2889,California
PPA,38.2806,-122.274,2892,California
PPA,38.0736,-122.24,2906,California
PPA,38.0736,-122.24,2907,California
PPA,37.7785,-122.408,2910,California
PPA,37.3622,-122.066,2916,California
PPA,37.3622,-122.066,2917,California
PPA,37.3745,-122.083,3015,California
PPA,37.3745,-122.083,3016,California
PPA,37.7952,-122.271,3079,California
PPA,37.7952,-122.271,3080,California
PPA,37.9065,-122.302,3082,California
PPA,37.9065,-122.302,3083,California
PPA,37.697,-121.049,3127,California
PPA,37.697,-121.049,3128,California
PPA,38.3051,-122.289,3184,California
PPA,38.3051,-122.289,3185,California
PPA,38.3889,-120.77,3211,California
PPA,38.3889,-120.77,3212,California
PPA,37.4719,-122.232,3227,California
PPA,37.4719,-122.232,3228,California
PPA,38.2823,-122.258,3247,California
PPA,38.2823,-122.258,3248,California
PPA,38.3018,-122.342,3271,California
PPA,38.3018,-122.342,3272,California
PPA,37.1179,-120.744,3277,California
PPA,37.1179,-120.744,3278,California
PPA,37.9826,-122.296,3296,California
PPA,37.9826,-122.296,3297,California
PPA,38.2479,-122.601,3318,California
PPA,38.2479,-122.601,3319,California
PPA,37.4187,-122.158,3327,California
PPA,37.4187,-122.158,3328,California
PPA,37.1188,-120.744,3329,California
PPA,37.1188,-120.744,3330,California
PPA,37.4524,-122.166,3332,California
PPA,37.4524,-122.166,3333,California
PPA,37.118,-120.745,3334,California
PPA,37.118,-120.745,3335,California
PPA,37.305,-121.918,3336,California
PPA,37.305,-121.918,3337,California
PPA,37.7873,-122.445,3348,California
PPA,37.7873,-122.445,3349,California
PPA,38.0143,-122.691,3451,California
PPA,38.0143,-122.691,3452,California
PPA,38.4076,-122.831,3631,California
PPA,38.4076,-122.831,3632,California
PPA,37.7704,-122.415,3666,California
PPA,37.7704,-122.415,3667,California
PPA,38.0739,-122.231,3686,California
PPA,38.0739,-122.231,3687,California
PPA,38.0958,-122.215,3762,California
PPA,38.0958,-122.215,3763,California
PPA,38.0608,-122.149,3765,California
PPA,38.0608,-122.149,3766,California
PPA,37.8748,-119.859,3767,California
PPA,37.8748,-119.859,3768,California
PPA,38.0806,-122.215,3769,California
PPA,38.0806,-122.215,3770,California
PPA,38.0977,-122.259,3784,California
PPA,38.0977,-122.259,3785,California
PPA,38.1343,-122.198,3791,California
PPA,38.1343,-122.198,3792,California
PPA,37.8024,-122.227,3838,California
PPA,37.8024,-122.227,3839,California
PPA,38.2598,-122.638,3848,California
PPA,38.2598,-122.638,3849,California
PPA,38.5793,-121.438,3852,California
PPA,38.5793,-121.438,3853,California
PPA,37.2644,-122.056,3856,California
PPA,37.2644,-122.056,3857,California
PPA,37.1112,-121.637,3858,California
PPA,37.1118,-121.638,3863,California
PPA,37.7614,-122.439,3869,California
PPA,38.0944,-122.267,3880,California
PPA,38.0944,-122.267,3881,California
PPA,38.6724,-121.091,3884,California
PPA,38.6724,-121.091,3885,California
PPA,37.8219,-121.923,3894,California
PPA,37.8219,-121.923,3895,California
PPA,37.7521,-122.466,3900,California
PPA,37.7521,-122.466,3901,California
PPA,37.7285,-122.459,3909,California
PPA,37.7285,-122.459,3910,California
PPA,37.0397,-122.03,3926,California
PPA,37.0397,-122.03,3927,California
PPA,38.1499,-122.238,3930,California
PPA,38.1499,-122.238,3931,California
PPA,37.6196,-122.488,3934,California
PPA,37.6196,-122.488,3935,California
PPA,38.4599,-122.04,3936,California
PPA,38.4599,-122.04,3937,California
PPA,38.0745,-122.174,3939,California
PPA,38.0745,-122.174,3940,California
PPA,38.1413,-122.26,3960,California
PPA,38.1413,-122.26,3961,California
PPA,38.0742,-122.2,3964,California
PPA,38.0742,-122.2,3965,California
PPA,37.4729,-122.25,3970,California
PPA,37.789,-122.391,3996,California
PPA,37.789,-122.391,3997,California
PPA,37.7344,-122.444,3998,California
PPA,37.7344,-122.444,3999,California
PPA,37.0838,-122.069,4008,California
PPA,37.0838,-122.069,4009,California
PPA,37.2346,-121.832,4087,California
PPA,37.2346,-121.832,4088,California
PPA,37.4867,-122.286,4089,California
PPA,37.4867,-122.286,4090,California
PPA,38.7662,-122.894,4091,California
PPA,38.7662,-122.894,4092,California
PPA,36.9555,-122.027,4097,California
PPA,36.9555,-122.027,4098,California
PPA,37.241,-121.81,4099,California
PPA,37.241,-121.81,4100,California
PPA,37.7812,-122.477,4101,California
PPA,37.7812,-122.477,4102,California
PPA,37.2364,-121.887,4103,California
PPA,37.2364,-121.887,4104,California
PPA,38.0169,-122.278,4137,California
PPA,38.0169,-122.278,4138,California
PPA,38.0319,-122.265,4161,California
PPA,38.0319,-122.265,4162,California
PPA,37.2747,-122.023,4299,California
PPA,37.2747,-122.023,4300,California
PPA,37.8099,-122.298,4335,California
PPA,37.8099,-122.298,4336,California
PPA,37.9083,-122.193,4339,California
PPA,37.9083,-122.193,4340,California
PPA,36.9685,-122.034,4355,California
PPA,36.9685,-122.034,4356,California
PPA,37.7541,-122.412,4372,California
PPA,37.7541,-122.412,4373,California
PPA,37.8463,-122.157,4389,California
PPA,37.8463,-122.157,4390,California
PPA,38.3004,-122.024,4391,California
PPA,38.3004,-122.024,4392,California
PPA,37.8854,-122.251,4421,California
PPA,37.8854,-122.251,4422,California
PPA,37.2488,-121.95,4431,California
PPA,37.2488,-121.95,4432,California
PPA,37.7373,-122.452,4445,California
PPA,37.7373,-122.452,4446,California
PPA,38.5717,-122.436,4478,California
PPA,38.5717,-122.436,4479,California
PPA,37.7906,-122.421,4480,California
PPA,37.7906,-122.421,4481,California
PPA,38.0929,-122.251,4491,California
PPA,38.0929,-122.251,4492,California
PPA,37.8752,-122.271,4506,California
PPA,37.8752,-122.271,4507,California
PPA,38.4412,-122.672,4518,California
PPA,38.4412,-122.672,4519,California
PPA,37.7582,-122.442,4535,California
PPA,37.7582,-122.442,4536,California
PPA,37.3668,-121.838,4575,California
PPA,37.3668,-121.838,4576,California
PPA,37.2806,-122.119,4606,California
PPA,37.2806,-122.119,4607,California
PPA,37.3035,-122.062,4610,California
PPA,37.3035,-122.062,4611,California
PPA,37.7983,-120.995,4613,California
PPA,37.7983,-120.995,4614,California
PPA,37.4577,-122.225,4615,California
PPA,37.4577,-122.225,4616,California
PPA,37.969,-122.016,4658,California
PPA,37.969,-122.016,4659,California
PPA,38.0123,-122.643,4766,California
PPA,38.0123,-122.643,4767,California
PPA,37.7873,-122.417,4770,California
PPA,37.7873,-122.417,4771,California
PPA,37.9683,-122.509,4772,California
PPA,37.9683,-122.509,4773,California
PPA,37.9016,-122.278,4776,California
PPA,37.9016,-122.278,4777,California
PPA,38.0166,-122.675,4782,California
PPA,38.0166,-122.675,4783,California
PPA,38.1115,-122.595,4788,California
PPA,38.1115,-122.595,4789,California
PPA,37.9982,-122.633,4793,California
PPA,37.9982,-122.633,4794,California
PPA,36.9856,-122.015,4797,California
PPA,36.9856,-122.015,4798,California
PPA,37.7849,-122.217,4801,California
PPA,37.7849,-122.217,4802,California
PPA,38.0094,-122.636,4817,California
PPA,38.0094,-122.636,4818,California
PPA,37.7637,-122.233,4825,California
PPA,37.7637,-122.233,4826,California
PPA,37.906,-122.545,4896,California
PPA,37.906,-122.545,4897,California
PPA,37.7146,-122.085,4904,California
PPA,37.7146,-122.085,4905,California
PPA,38.0904,-122.239,4928,California
PPA,38.0904,-122.239,4929,California
PPA,38.5423,-121.729,4930,California
PPA,38.5423,-121.729,4931,California
PPA,37.5439,-122.244,4934,California
PPA,37.5439,-122.244,4935,California
PPA,36.9741,-121.903,4952,California
PPA,36.9741,-121.903,4953,California
PPA,37.6463,-122.431,4964,California
PPA,37.6463,-122.431,4965,California
PPA,38.6788,-120.99,4980,California
PPA,38.6788,-120.99,4981,California
PPA,37.5234,-120.855,5084,California
PPA,37.5234,-120.855,5085,California
PPA,38.1077,-122.256,5127,California
PPA,38.1077,-122.256,5128,California
PPA,37.8631,-122.023,5151,California
PPA,37.8631,-122.023,5152,California
PPA,37.9758,-122.348,5192,California
PPA,37.9758,-122.348,5193,California
PPA,37.9166,-122.325,5214,California
PPA,37.9166,-122.325,5215,California
PPA,37.7678,-122.25,5233,California
PPA,37.9458,-122.33,5292,California
PPA,37.9458,-122.33,5293,California
PPA,37.8921,-122.123,5488,California
PPA,37.8921,-122.123,5489,California
PPA,37.297,-121.765,5492,California
PPA,37.297,-121.765,5493,California
PPA,38.4714,-122.702,5497,California
PPA,38.5645,-121.359,5500,California
PPA,38.5645,-121.359,5501,California
PPA,37.8593,-122.497,5642,California
PPA,37.8593,-122.497,5643,California
PPA,36.981,-122.012,5650,California
PPA,36.981,-122.012,5651,California
PPA,37.7449,-122.421,5776,California
PPA,37.7449,-122.421,5777,California
PPA,37.8909,-122.111,5818,California
PPA,37.8909,-122.111,5819,California
PPA,37.3853,-122.2,5868,California
PPA,37.3853,-122.2,5869,California
PPA,37.5851,-122.367,5919,California
PPA,37.585,-122.367,5950,California
PPA,37.585,-122.367,5951,California
PPA,37.803,-122.443,6014,California
PPA,37.803,-122.443,6015,California
PPA,38.0123,-122.139,6056,California
PPA,38.0123,-122.139,6057,California
PPA,37.5483,-122.336,6092,California
PPA,37.5483,-122.336,6093,California
PPA,37.7363,-121.865,6154,California
PPA,37.7363,-121.865,6155,California
PPA,37.7361,-122.417,6182,California
PPA,37.7361,-122.417,6183,California
PPA,37.7602,-122.405,6344,California
PPA,37.7602,-122.405,6345,California
PPA,37.7619,-122.447,6358,California
PPA,37.7619,-122.447,6359,California
PPA,37.7885,-122.396,6363,California
PPA,37.904,-122.157,6394,California
PPA,37.904,-122.157,6395,California
PPA,37.9825,-122.576,6396,California
PPA,37.9825,-122.576,6397,California
PPA,37.9838,-122.544,6403,California
PPA,37.0957,-121.639,6408,California
PPA,37.0957,-121.639,6409,California
PPA,37.8582,-122.284,6410,California
PPA,37.8582,-122.284,6411,California
PPA,38.4534,-122.713,6414,California
PPA,38.4534,-122.713,6415,California
PPA,38.4326,-122.71,6426,California
PPA,38.4326,-122.71,6427,California
PPA,37.9351,-121.696,6428,California
PPA,37.9351,-121.696,6429,California
PPA,38.2367,-122.067,6564,California
PPA,38.2367,-122.067,6565,California
PPA,37.3543,-122.08,6572,California
PPA,37.3543,-122.08,6573,California
PPA,38.0966,-122.252,6578,California
PPA,38.0966,-122.252,6579,California
PPA,38.228,-122.621,6580,California
PPA,38.228,-122.621,6581,California
PPA,37.2861,-121.74,6592,California
PPA,37.2861,-121.74,6593,California
PPA,37.9487,-122.337,6704,California
PPA,37.9487,-122.337,6705,California
PPA,37.5438,-122.511,6706,California
PPA,37.5438,-122.511,6707,California
PPA,37.9429,-122.335,6918,California
PPA,37.9429,-122.335,6919,California
PPA,37.8988,-121.723,6962,California
PPA,37.8988,-121.723,6963,California
PPA,37.4929,-120.174,7004,California
PPA,37.4929,-120.174,7005,California
PPA,37.9189,-122.492,7198,California
PPA,37.9189,-122.492,7199,California
PPA,38.6592,-121.5,7278,California
PPA,38.6592,-121.5,7279,California
PPA,37.5882,-122.497,7282,California
PPA,37.5882,-122.497,7283,California
PPA,38.6918,-120.693,7312,California
PPA,38.6918,-120.693,7313,California
PPA,37.8548,-122.289,7316,California
PPA,37.8548,-122.289,7317,California
PPA,38.3125,-122.341,7428,California
PPA,38.3125,-122.341,7429,California
PPA,37.3666,-122.156,7534,California
PPA,37.3666,-122.156,7535,California
PPA,38.5861,-121.489,7562,California
PPA,38.5861,-121.489,7563,California
PPA,38.5536,-121.738,7806,California
PPA,38.5536,-121.738,7807,California
PPA,37.8718,-122.271,7825,California
PPA,38.3525,-120.767,8056,California
PPA,38.3525,-120.767,8057,California
PPA,38.7663,-120.59,8080,California
PPA,38.7663,-120.59,8081,California
PPA,38.66,-121.006,8084,California
PPA,38.66,-121.006,8085,California
PPA,38.7282,-120.828,8087,California
PPA,38.9119,-120.829,8092,California
PPA,38.9119,-120.829,8093,California
PPA,38.8562,-120.031,8094,California
PPA,38.8562,-120.031,8095,California
PPA,38.5265,-121.566,8203,California
PPA,38.5266,-121.566,8226,California
PPA,38.5266,-121.566,8227,California
PPA,38.5684,-121.493,8246,California
PPA,38.5684,-121.493,8247,California
PPA,38.5603,-121.497,8394,California
PPA,38.5603,-121.497,8395,California
PPA,38.5684,-121.493,8396,California
PPA,38.5684,-121.493,8397,California
PPA,38.5786,-121.491,8408,California
PPA,38.5786,-121.491,8409,California
PPA,38.5684,-121.493,8414,California
PPA,38.5684,-121.493,8415,California
PPA,38.5603,-121.497,8422,California
PPA,38.5684,-121.493,8424,California
PPA,38.5684,-121.493,8425,California
PPA,38.5684,-121.493,8432,California
PPA,38.5684,-121.493,8433,California
PPA,38.5684,-121.493,8440,California
PPA,38.5684,-121.493,8441,California
PPA,37.8751,-122.258,8469,California
PPA,38.083,-122.175,8566,California
PPA,38.083,-122.175,8567,California
PPA,37.7629,-122.446,8632,California
PPA,37.7629,-122.446,8633,California
PPA,37.5232,-120.855,8678,California
PPA,37.5232,-120.855,8679,California
PPA,38.0285,-122.03,8988,California
PPA,38.0285,-122.03,8989,California
PPA,37.899,-122.122,9600,California
PPA,37.899,-122.122,9601,California
PPA,37.2089,-122.065,9750,California
PPA,37.2089,-122.065,9751,California
PPA,37.7301,-122.369,9828,California
PPA,37.7301,-122.369,9829,California
PPA,37.9038,-122.097,9920,California
PPA,37.9038,-122.097,9921,California
PPA,37.7639,-122.422,10066,California
PPA,37.7639,-122.422,10067,California
PPA,37.8576,-121.973,10092,California
PPA,37.8576,-121.973,10093,California
PPA,37.8014,-122.219,10108,California
PPA,37.8014,-122.219,10109,California
PPA,37.7995,-122.249,10114,California
PPA,37.7995,-122.249,10115,California
PPA,37.887,-122.114,10732,California
PPA,37.887,-122.114,10733,California
PPA,37.8759,-122.097,10734,California
PPA,37.8759,-122.097,10735,California
PPA,37.8674,-122.127,10738,California
PPA,37.8674,-122.127,10739,California
PPA,37.8932,-122.133,10750,California
PPA,37.8932,-122.133,10751,California
PPA,38.5363,-121.753,11149,California
PPA,38.6422,-121.822,11404,California
PPA,38.6422,-121.822,11405,California
PPA,38.5952,-121.518,11406,California
PPA,38.5952,-121.518,11407,California
PPA,38.5256,-121.967,11416,California
PPA,38.5256,-121.967,11417,California
PPA,38.6961,-122.019,11422,California
PPA,38.6961,-122.019,11423,California
PPA,38.661,-121.733,11424,California
PPA,38.661,-121.733,11425,California
PPA,38.6805,-121.762,11426,California
PPA,38.6805,-121.762,11427,California
PPA,38.7379,-122.143,11438,California
PPA,38.7379,-122.143,11439,California
PPA,37.83,-122.254,11591,California
PPA,37.8041,-122.222,11600,California
PPA,37.8041,-122.222,11601,California
PPA,37.7592,-122.237,11607,California
PPA,37.83,-122.254,11610,California
PPA,37.83,-122.254,11611,California
PPA,37.7592,-122.237,11628,California
PPA,37.7592,-122.237,11629,California
PPA,37.8463,-122.266,11726,California
PPA,37.8463,-122.266,11727,California
PPA,38.5509,-121.502,11731,California
PPA,37.9572,-120.236,11882,California
PPA,38.059,-122.142,11988,California
PPA,38.059,-122.142,11989,California
PPA,38.0581,-122.158,11990,California
PPA,38.0581,-122.158,11991,California
PPA,37.8172,-118.477,12106,California
PPA,37.8172,-118.477,12107,California
PPA,38.7706,-119.817,12118,California
PPA,38.7706,-119.817,12119,California
PPA,38.694,-119.779,12120,California
PPA,38.694,-119.779,12121,California
PPA,38.3996,-120.809,12128,California
PPA,38.3996,-120.809,12129,California
PPA,37.9156,-122.034,12256,California
PPA,38.0295,-120.411,12264,California
PPA,38.0295,-120.411,12265,California
PPA,38.1816,-120.01,12266,California
PPA,38.1816,-120.01,12267,California
PPA,37.9283,-122.392,12326,California
PPA,37.9283,-122.392,12327,California
PPA,38.1342,-120.866,12729,California
PPA,38.1342,-120.866,12730,California
PPA,38.0813,-120.556,12731,California
PPA,38.0813,-120.556,12732,California
PPA,38.3983,-120.526,12735,California
PPA,38.3983,-120.526,12736,California
PPA,37.4064,-122.062,12811,California
PPA,37.4064,-122.062,12812,California
PPA,38.5452,-121.227,12853,California
PPA,38.5452,-121.227,12854,California
PPA,37.1005,-122.141,12869,California
PPA,37.1005,-122.141,12870,California
PPA,37.1599,-121.908,12873,California
PPA,37.1599,-121.908,12874,California
PPA,38.8024,-119.794,12945,California
PPA,38.8024,-119.794,12946,California
PPA,37.1538,-121.898,12951,California
PPA,37.1538,-121.898,12952,California
PPA,37.8113,-120.12,12955,California
PPA,37.8113,-120.12,12956,California
PPA,38.5849,-121.347,13015,California
PPA,38.5849,-121.347,13016,California
PPA,37.3256,-122.058,13021,California
PPA,37.3256,-122.058,13022,California
PPA,37.5081,-122.301,13073,California
PPA,37.5081,-122.301,13074,California
PPA,37.4066,-119.894,13077,California
PPA,37.4066,-119.894,13078,California
PPA,38.0063,-122.631,13143,California
PPA,38.0063,-122.631,13144,California
PPA,38.8245,-123.003,13169,California
PPA,38.8245,-123.003,13170,California
PPA,37.7622,-121.899,13173,California
PPA,37.7622,-121.899,13174,California
PPA,39.008,-120.118,13183,California
PPA,39.008,-120.118,13184,California
PPA,37.5073,-119.988,13191,California
PPA,37.5073,-119.988,13192,California
PPA,38.4289,-122.584,13193,California
PPA,38.4289,-122.584,13194,California
PPA,37.8838,-122.101,13201,California
PPA,37.8838,-122.101,13202,California
PPA,38.6512,-120.953,13207,California
PPA,38.6512,-120.953,13208,California
PPA,37.8697,-122.093,13212,California
PPA,38.7852,-120.872,13263,California
PPA,38.7852,-120.872,13264,California
PPA,38.169,-121.289,13269,California
PPA,38.169,-121.289,13270,California
PPA,37.6254,-118.981,13287,California
PPA,37.6254,-118.981,13288,California
PPA,38.3239,-122.702,13290,California
PPA,37.8536,-122.227,13517,California
PPA,37.8536,-122.227,13518,California
PPA,38.4882,-121.536,13645,California
PPA,38.4882,-121.536,13646,California
PPA,37.4243,-122.1,13961,California
PPA,37.8343,-122.227,13997,California
PPA,37.8343,-122.227,13998,California
PPA,38.4161,-121.526,14029,California
PPA,38.4161,-121.526,14030,California
PPA,38.6798,-121.972,14051,California
PPA,38.6798,-121.972,14052,California
PPA,38.8305,-122.193,14059,California
PPA,38.8305,-122.193,14060,California
PPA,38.5591,-121.462,14063,California
PPA,38.5591,-121.462,14064,California
PPA,38.2992,-120.83,14071,California
PPA,38.2992,-120.83,14072,California
PPA,38.8024,-120.883,14087,California
PPA,38.8024,-120.883,14088,California
PPA,37.8836,-122.07,14091,California
PPA,37.8836,-122.07,14092,California
PPA,37.579,-119.971,14093,California
PPA,37.579,-119.971,14094,California
PPA,38.5422,-121.476,14097,California
PPA,38.5422,-121.476,14098,California
PPA,37.7385,-119.575,14119,California
PPA,37.7385,-119.575,14120,California
PPA,37.9554,-121.94,14141,California
PPA,37.9554,-121.94,14142,California
PPA,38.6106,-122.868,14161,California
PPA,38.6106,-122.868,14162,California
PPA,37.6744,-119.783,14183,California
PPA,37.6744,-119.783,14184,California
PPA,37.6474,-119.704,14193,California
PPA,37.6474,-119.704,14194,California
PPA,38.3974,-121.413,14227,California
PPA,38.3974,-121.413,14228,California
PPA,37.9324,-122.314,14285,California
PPA,37.9324,-122.314,14286,California
PPA,37.229,-121.963,14291,California
PPA,37.229,-121.963,14292,California
PPA,38.0378,-120.238,14333,California
PPA,38.0378,-120.238,14334,California
PPA,38.4366,-122.508,14335,California
PPA,38.4366,-122.508,14336,California
PPA,37.9082,-122.277,14339,California
PPA,37.9082,-122.277,14340,California
PPA,38.6519,-121.302,14343,California
PPA,38.6519,-121.302,14344,California
PPA,37.8643,-122.09,14361,California
PPA,37.8643,-122.09,14362,California
PPA,37.9118,-122.344,14389,California
PPA,37.9118,-122.344,14390,California
PPA,38.521,-121.38,14475,California
PPA,38.521,-121.38,14476,California
PPA,38.7602,-122.152,14513,California
PPA,38.7602,-122.152,14514,California
PPA,37.7488,-119.591,14537,California
PPA,37.7488,-119.591,14538,California
PPA,37.7466,-120.131,14541,California
PPA,37.7466,-120.131,14542,California
PPA,37.3288,-120.462,14617,California
PPA,37.3288,-120.462,14618,California
PPA,37.2756,-121.964,14633,California
PPA,37.2756,-121.964,14634,California
PPA,38.6902,-119.796,14639,California
PPA,38.6902,-119.796,14640,California
PPA,37.0094,-121.596,14693,California
PPA,37.0094,-121.596,14694,California
PPA,38.457,-120.533,14729,California
PPA,38.457,-120.533,14730,California
PPA,37.2842,-121.781,14749,California
PPA,37.2842,-121.781,14750,California
PPA,37.9135,-122.01,14767,California
PPA,37.9135,-122.01,14768,California
PPA,37.8598,-122.236,14865,California
PPA,37.8598,-122.236,14866,California
PPA,38.5578,-121.76,14870,California
PPA,37.874,-122.168,14885,California
PPA,37.874,-122.168,14886,California
PPA,37.8783,-122.096,15037,California
PPA,37.8783,-122.096,15038,California
PPA,37.436,-122.13,15049,California
PPA,37.436,-122.13,15050,California
PPA,37.6529,-121.859,15068,California
PPA,37.3813,-122.031,15091,California
PPA,37.3813,-122.031,15092,California
PPA,37.9015,-122.192,15113,California
PPA,37.9015,-122.192,15114,California
PPA,37.3908,-122.098,15129,California
PPA,37.3908,-122.098,15130,California
PPA,37.8289,-122.243,15180,California
PPA,37.3317,-122.012,15197,California
PPA,37.3317,-122.012,15198,California
PPA,37.8847,-122.123,15235,California
PPA,37.8847,-122.123,15236,California
PPA,37.2284,-121.864,15245,California
PPA,37.2284,-121.864,15246,California
PPA,37.7706,-121.551,15247,California
PPA,37.7706,-121.551,15248,California
PPA,37.9991,-122.635,15251,California
PPA,37.9991,-122.635,15252,California
PPA,37.5447,-121.199,15439,California
PPA,37.5447,-121.199,15440,California
PPA,37.9022,-122.28,15466,California
PPA,37.9022,-122.28,15467,California
PPA,37.9022,-122.28,15468,California
PPA,38.0979,-122.24,15477,California
PPA,38.0979,-122.24,15478,California
PPA,38.0007,-122.602,15553,California
PPA,38.0007,-122.602,15554,California
PPA,37.2384,-122.018,15611,California
PPA,37.2384,-122.018,15612,California
PPA,37.4415,-120.001,15627,California
PPA,37.4415,-120.001,15628,California
PPA,37.3797,-121.813,15641,California
PPA,37.3797,-121.813,15642,California
PPA,37.801,-122.189,15645,California
PPA,37.801,-122.189,15646,California
PPA,38.581,-120.577,15651,California
PPA,38.581,-120.577,15652,California
PPA,38.7334,-120.813,15653,California
PPA,38.7334,-120.813,15654,California
PPA,38.8502,-120.858,15655,California
PPA,38.8502,-120.858,15656,California
PPA,38.5597,-120.982,15659,California
PPA,38.5597,-120.982,15660,California
PPA,38.0889,-122.518,15669,California
PPA,38.0889,-122.518,15670,California
PPA,38.6479,-121.081,15681,California
PPA,38.6479,-121.081,15682,California
PPA,38.7087,-120.829,15685,California
PPA,38.7087,-120.829,15686,California
PPA,38.6421,-120.526,15691,California
PPA,38.6421,-120.526,15692,California
PPA,38.6814,-121.071,15695,California
PPA,38.6814,-121.071,15696,California
PPA,38.743,-120.73,15697,California
PPA,38.743,-120.73,15698,California
PPA,38.8029,-120.015,15699,California
PPA,38.8029,-120.015,15700,California
PPA,38.7959,-120.063,15702,California
PPA,38.7725,-120.312,15705,California
PPA,38.7725,-120.312,15706,California
PPA,38.8003,-120.081,15713,California
PPA,38.8003,-120.081,15714,California
PPA,38.6056,-120.713,15715,California
PPA,38.6056,-120.713,15716,California
PPA,38.9198,-120.864,15717,California
PPA,38.9198,-120.864,15718,California
PPA,38.7288,-120.828,15719,California
PPA,38.7288,-120.828,15720,California
PPA,38.7975,-120.735,15721,California
PPA,38.7975,-120.735,15722,California
PPA,38.6773,-120.839,15725,California
PPA,38.6773,-120.839,15726,California
PPA,38.6733,-120.942,15731,California
PPA,38.6733,-120.942,15732,California
PPA,38.7692,-120.926,15733,California
PPA,38.7692,-120.926,15734,California
PPA,38.8006,-120.08,15735,California
PPA,38.8006,-120.08,15736,California
PPA,37.8764,-122.247,15764,California
PPA,37.8792,-122.253,15768,California
PPA,37.877,-122.248,15769,California
PPA,37.877,-122.248,15770,California
PPA,37.8768,-122.238,15784,California
PPA,37.875,-122.242,15786,California
PPA,37.8759,-122.252,15792,California
PPA,38.0024,-122.564,15795,California
PPA,38.0024,-122.564,15796,California
PPA,37.4781,-122.237,15807,California
PPA,37.4781,-122.237,15808,California
PPA,38.8729,-121.021,15841,California
PPA,38.8729,-121.021,15842,California
PPA,38.7349,-120.71,15843,California
PPA,38.7349,-120.71,15844,California
PPA,38.7222,-120.771,15845,California
PPA,38.7222,-120.771,15846,California
PPA,38.9212,-119.968,15849,California
PPA,38.9212,-119.968,15850,California
PPA,38.6107,-120.505,15851,California
PPA,38.6107,-120.505,15852,California
PPA,38.2747,-122.45,15855,California
PPA,38.2747,-122.45,15856,California
PPA,37.9156,-122.034,15879,California
PPA,37.9156,-122.034,15880,California
PPA,37.4533,-122.436,15883,California
PPA,37.4533,-122.436,15884,California
PPA,38.6726,-120.697,15887,California
PPA,38.6726,-120.697,15888,California
PPA,38.9065,-120.012,15889,California
PPA,38.9065,-120.012,15890,California
PPA,38.9769,-120.723,15893,California
PPA,38.9769,-120.723,15894,California
PPA,38.7138,-120.591,15895,California
PPA,38.7138,-120.591,15896,California
PPA,37.4333,-122.158,15903,California
PPA,37.4333,-122.158,15904,California
PPA,38.5427,-121.721,15922,California
PPA,37.7641,-122.26,15951,California
PPA,37.7641,-122.26,15952,California
PPA,37.7574,-122.46,16013,California
PPA,37.7574,-122.46,16014,California
PPA,37.448,-122.147,16073,California
PPA,37.448,-122.147,16074,California
PPA,37.4151,-122.137,16085,California
PPA,37.4151,-122.137,16086,California
PPA,37.2678,-122.312,16123,California
PPA,37.2678,-122.312,16124,California
PPA,37.4415,-122.155,16137,California
PPA,37.4415,-122.155,16138,California
PPA,37.4453,-122.146,16149,California
PPA,37.4453,-122.146,16150,California
PPA,37.848,-122.255,16177,California
PPA,37.848,-122.255,16178,California
PPA,38.6997,-120.999,16409,California
PPA,38.6997,-120.999,16410,California
PPA,38.7097,-120.61,16419,California
PPA,38.7097,-120.61,16420,California
PPA,38.4662,-122.723,16495,California
PPA,38.4662,-122.723,16496,California
PPA,38.6105,-122.868,16500,California
PPA,38.5021,-122.996,16503,California
PPA,38.5021,-122.996,16504,California
PPA,38.5586,-122.805,16509,California
PPA,38.5586,-122.805,16510,California
PPA,38.4515,-122.731,16513,California
PPA,38.4515,-122.731,16514,California
PPA,38.4985,-123.015,16533,California
PPA,38.4985,-123.015,16534,California
PPA,38.3519,-121.994,16553,California
PPA,38.3519,-121.994,16554,California
PPA,37.8714,-122.265,16786,California
PPA,37.8716,-122.258,16805,California
PPA,37.7225,-122.439,16899,California
PPA,37.7225,-122.439,16900,California
PPA,37.7224,-122.439,16903,California
PPA,37.7224,-122.439,16904,California
PPA,37.7225,-122.439,16935,California
PPA,37.7225,-122.439,16936,California
PPA,38.4135,-122.552,17079,California
PPA,38.4135,-122.552,17080,California
PPA,37.9028,-122.076,17095,California
PPA,37.9028,-122.076,17096,California
PPA,37.4491,-122.127,17100,California
PPA,37.3738,-122.088,17101,California
PPA,37.3738,-122.088,17102,California
PPA,37.6456,-118.967,17105,California
PPA,37.6456,-118.967,17106,California
PPA,37.9622,-119.12,17109,California
PPA,37.9622,-119.12,17110,California
PPA,38.3277,-122.31,17337,California
PPA,38.3277,-122.31,17338,California
PPA,38.4747,-123.024,17649,California
PPA,38.4747,-123.024,17650,California
PPA,37.7698,-122.452,17763,California
PPA,37.7698,-122.452,17764,California
PPA,37.4353,-122.147,17781,California
PPA,37.4353,-122.147,17782,California
PPA,38.5542,-121.772,17783,California
PPA,38.5542,-121.772,17784,California
PPA,37.7389,-122.502,17787,California
PPA,37.7389,-122.502,17788,California
PPA,37.8828,-122.254,17789,California
PPA,37.8828,-122.254,17790,California
PPA,37.7995,-122.195,17792,California
PPA,37.7224,-122.439,17805,California
PPA,37.7224,-122.439,17806,California
PPA,37.5546,-122.262,17807,California
PPA,37.5546,-122.262,17808,California
PPA,38.4561,-122.721,17809,California
PPA,38.4561,-122.721,17810,California
PPA,37.8792,-122.071,17811,California
PPA,37.8792,-122.071,17812,California
PPA,37.8452,-122.211,17817,California
PPA,37.8452,-122.211,17818,California
PPA,38.2568,-122.611,17821,California
PPA,38.2568,-122.611,17822,California
PPA,38.4215,-122.701,17823,California
PPA,38.2448,-120.329,17824,California
PPA,38.2448,-120.329,17825,California
PPA,38.4215,-122.701,17826,California
PPA,37.8529,-122.022,17839,California
PPA,37.8529,-122.022,17840,California
PPA,38.5144,-122.486,17841,California
PPA,38.5144,-122.486,17842,California
PPA,37.5529,-122.326,17856,California
PPA,38.2461,-122.611,17865,California
PPA,38.2461,-122.611,17866,California
PPA,37.556,-122.332,17867,California
PPA,37.556,-122.332,17868,California
PPA,37.8732,-122.258,17876,California
PPA,37.8759,-122.253,17878,California
PPA,37.5278,-122.281,17879,California
PPA,37.5278,-122.281,17880,California
PPA,37.5381,-122.014,17895,California
PPA,37.5381,-122.014,17896,California
PPA,37.8179,-122.272,17927,California
PPA,37.8179,-122.272,17928,California
PPA,37.3824,-122.119,17935,California
PPA,37.3824,-122.119,17936,California
PPA,38.0765,-122.536,17937,California
PPA,38.0765,-122.536,17938,California
PPA,37.7623,-122.455,17939,California
PPA,37.7623,-122.455,17940,California
PPA,37.3837,-122.208,17953,California
PPA,37.3648,-122.079,17954,California
PPA,37.3837,-122.208,17955,California
PPA,37.3648,-122.079,17956,California
PPA,37.9788,-122.588,17961,California
PPA,37.9788,-122.588,17962,California
PPA,37.6619,-121.798,17965,California
PPA,37.6619,-121.798,17966,California
PPA,38.4192,-122.752,17975,California
PPA,38.4192,-122.752,17976,California
PPA,37.3835,-122.208,17977,California
PPA,37.3835,-122.208,17978,California
PPA,38.1193,-121.252,17982,California
PPA,38.3337,-122.675,18189,California
PPA,38.3337,-122.675,18190,California
PPA,37.3659,-121.972,18263,California
PPA,37.3659,-121.972,18264,California
PPA,37.8544,-122.248,18281,California
PPA,37.8544,-122.248,18282,California
PPA,37.878,-122.279,18287,California
PPA,37.878,-122.279,18288,California
PPA,38.3998,-122.616,18289,California
PPA,38.3998,-122.616,18290,California
PPA,38.3147,-122.857,18291,California
PPA,38.1488,-121.29,18293,California
PPA,38.1488,-121.29,18294,California
PPA,37.3543,-122.062,18297,California
PPA,37.3543,-122.062,18298,California
PPA,37.2511,-122.011,18299,California
PPA,37.2511,-122.011,18300,California
PPA,37.6841,-122.406,18331,California
PPA,37.6841,-122.406,18332,California
PPA,37.4356,-122.122,18364,California
PPA,37.9024,-122.075,18371,California
PPA,37.9024,-122.075,18372,California
PPA,37.3868,-122.095,18386,California
PPA,37.1401,-121.59,18397,California
PPA,37.1401,-121.59,18398,California
PPA,37.0162,-122.03,18399,California
PPA,37.0162,-122.03,18400,California
PPA,37.5843,-122.36,18401,California
PPA,37.5843,-122.36,18402,California
PPA,37.4477,-122.146,18408,California
PPA,37.4481,-122.146,18410,California
PPA,37.8016,-122.422,18414,California
PPA,37.4487,-122.146,18416,California
PPA,38.9375,-120.009,18418,California
PPA,37.8548,-122.261,18420,California
PPA,38.938,-120.008,18421,California
PPA,38.938,-120.008,18422,California
PPA,37.1383,-121.59,18431,California
PPA,37.1383,-121.59,18432,California
PPA,37.9623,-122.007,18435,California
PPA,37.9623,-122.007,18436,California
PPA,37.9486,-122.078,18437,California
PPA,37.2357,-122.346,18443,California
PPA,37.2357,-122.346,18444,California
PPA,38.2223,-122.644,18447,California
PPA,38.2223,-122.644,18448,California
PPA,38.6253,-122.861,18449,California
PPA,38.6253,-122.861,18450,California
PPA,37.9038,-122.094,18453,California
PPA,37.9038,-122.094,18454,California
PPA,37.2446,-121.936,18455,California
PPA,37.2446,-121.936,18456,California
PPA,37.4655,-122.156,18463,California
PPA,37.4655,-122.156,18464,California
PPA,37.3858,-122.09,18471,California
PPA,37.3858,-122.09,18472,California
PPA,37.6542,-121.781,18473,California
PPA,37.6542,-121.781,18474,California
PPA,37.9108,-122.277,18475,California
PPA,37.9108,-122.277,18476,California
PPA,37.327,-122.17,18477,California
PPA,37.327,-122.17,18478,California
PPA,37.5056,-122.479,18481,California
PPA,37.5056,-122.479,18482,California
PPA,37.8201,-122.26,18491,California
PPA,37.8201,-122.26,18492,California
PPA,37.7078,-121.975,18493,California
PPA,37.7078,-121.975,18494,California
PPA,37.3679,-121.995,18495,California
PPA,37.3679,-121.995,18496,California
PPA,36.9689,-121.972,18497,California
PPA,36.9689,-121.972,18498,California
PPA,37.5225,-122.35,18503,California
PPA,37.5225,-122.35,18504,California
PPA,37.3554,-122.021,18505,California
PPA,37.3554,-122.021,18506,California
PPA,38.3206,-122.456,18507,California
PPA,38.3206,-122.456,18508,California
PPA,37.793,-121.88,18509,California
PPA,37.793,-121.88,18510,California
PPA,38.2879,-122.466,18511,California
PPA,38.2879,-122.466,18512,California
PPA,37.7974,-122.436,18516,California
PPA,38.6612,-121.163,18517,California
PPA,38.6612,-121.163,18518,California
PPA,37.4467,-122.146,18522,California
PPA,37.2264,-121.98,18523,California
PPA,37.2264,-121.98,18524,California
PPA,37.8499,-122.016,18527,California
PPA,37.8499,-122.016,18528,California
PPA,37.3303,-122.06,18531,California
PPA,37.3303,-122.06,18532,California
PPA,37.7527,-122.131,18539,California
PPA,37.7527,-122.131,18540,California
PPA,37.1064,-121.898,18545,California
PPA,37.1064,-121.898,18546,California
PPA,38.5752,-122.646,18549,California
PPA,38.5752,-122.646,18550,California
PPA,38.3781,-122.881,18551,California
PPA,38.3781,-122.881,18552,California
PPA,37.522,-122.039,18553,California
PPA,37.522,-122.039,18554,California
PPA,37.3001,-121.888,18563,California
PPA,37.3001,-121.888,18564,California
PPA,37.5243,-122.295,18565,California
PPA,37.5243,-122.295,18566,California
PPA,37.88,-122.298,18568,California
PPA,37.4962,-120.837,18569,California
PPA,37.4962,-120.837,18570,California
PPA,37.9367,-122.036,18571,California
PPA,37.9367,-122.036,18572,California
PPA,38.0199,-122.546,18674,California
PPA,38.4565,-122.688,18677,California
PPA,38.4565,-122.688,18678,California
PPA,37.2891,-121.983,18725,California
PPA,37.2891,-121.983,18726,California
PPA,37.1698,-122.158,18731,California
PPA,37.1698,-122.158,18732,California
PPA,37.8917,-122.284,18735,California
PPA,37.8917,-122.284,18736,California
PPA,37.3125,-122.071,18737,California
PPA,37.3125,-122.071,18738,California
PPA,37.3814,-122.031,18740,California
PPA,37.8323,-122.535,18753,California
PPA,37.8323,-122.535,18754,California
PPA,37.9069,-122.08,18755,California
PPA,37.9069,-122.08,18756,California
PPA,37.9162,-122.538,18773,California
PPA,37.9162,-122.538,18774,California
PPA,38.3714,-122.653,18781,California
PPA,38.3714,-122.653,18782,California
PPA,37.5768,-122.065,18793,California
PPA,37.5768,-122.065,18794,California
PPA,37.411,-122.105,18811,California
PPA,37.411,-122.105,18812,California
PPA,37.8941,-122.085,18847,California
PPA,37.8941,-122.085,18848,California
PPA,37.1433,-122.014,18877,California
PPA,37.1433,-122.014,18878,California
PPA,37.2971,-121.979,18883,California
PPA,37.2971,-121.979,18884,California
PPA,38.4898,-122.746,18885,California
PPA,38.4898,-122.746,18886,California
PPA,37.8259,-122.214,18902,California
PPA,37.7371,-122.465,18903,California
PPA,37.7371,-122.465,18904,California
PPA,37.5426,-122.267,18905,California
PPA,37.5426,-122.267,18906,California
PPA,37.8755,-122.532,18907,California
PPA,37.8755,-122.532,18908,California
PPA,37.9797,-122.542,18909,California
PPA,37.9797,-122.542,18910,California
PPA,37.4231,-122.081,18915,California
PPA,37.4231,-122.081,18916,California
PPA,38.3691,-122.966,18917,California
PPA,38.3691,-122.966,18918,California
PPA,37.5887,-122.338,18919,California
PPA,37.35,-122.202,18929,California
PPA,37.35,-122.202,18930,California
PPA,37.6736,-122.383,18933,California
PPA,37.6736,-122.383,18934,California
PPA,37.8295,-122.248,18936,California
PPA,37.3909,-122.138,18939,California
PPA,37.3909,-122.138,18940,California
PPA,37.786,-122.394,18944,California
PPA,37.8919,-122.263,18969,California
PPA,37.8919,-122.263,18970,California
PPA,38.4197,-122.729,18971,California
PPA,38.4197,-122.729,18972,California
PPA,38.5254,-122.78,18975,California
PPA,38.5254,-122.78,18976,California
PPA,37.3511,-122.139,18982,California
PPA,38.3198,-122.701,18985,California
PPA,38.3198,-122.701,18986,California
PPA,37.5625,-122.028,18987,California
PPA,37.5625,-122.028,18988,California
PPA,37.3655,-122.209,18995,California
PPA,37.3655,-122.209,18996,California
PPA,37.7948,-122.433,18999,California
PPA,37.7948,-122.433,19000,California
PPA,38.4187,-122.688,19001,California
PPA,38.4187,-122.688,19002,California
PPA,38.5874,-121.49,19017,California
PPA,38.5874,-121.49,19018,California
PPA,37.227,-121.953,19023,California
PPA,37.227,-121.953,19024,California
PPA,37.71,-122.067,19025,California
PPA,37.71,-122.067,19026,California
PPA,38.3495,-122.687,19027,California
PPA,38.3495,-122.687,19028,California
PPA,37.6463,-121.873,19031,California
PPA,37.6463,-121.873,19032,California
PPA,37.4314,-122.386,19037,California
PPA,37.4314,-122.386,19038,California
PPA,37.9076,-122.497,19039,California
PPA,37.9076,-122.497,19040,California
PPA,37.4353,-122.148,19042,California
PPA,37.361,-122.041,19047,California
PPA,37.361,-122.041,19049,California
PPA,37.4374,-122.209,19053,California
PPA,37.416,-122.158,19054,California
PPA,37.4374,-122.209,19055,California
PPA,37.416,-122.158,19056,California
PPA,37.357,-122.088,19065,California
PPA,37.7598,-122.408,19066,California
PPA,37.357,-122.088,19067,California
PPA,37.7598,-122.408,19068,California
PPA,37.7415,-122.415,19069,California
PPA,37.7415,-122.415,19070,California
PPA,37.9829,-122.582,19073,California
PPA,37.9829,-122.582,19074,California
PPA,38.5097,-122.753,19075,California
PPA,38.5097,-122.753,19076,California
PPA,37.4127,-121.783,19077,California
PPA,37.4127,-121.783,19078,California
PPA,38.1233,-122.264,19079,California
PPA,38.1233,-122.264,19080,California
PPA,37.9478,-122.328,19138,California
PPA,37.7362,-122.434,19142,California
PPA,37.8086,-122.267,19148,California
PPA,37.8758,-122.253,19150,California
PPA,37.5608,-122.252,19151,California
PPA,37.5608,-122.252,19152,California
PPA,37.7733,-122.43,19153,California
PPA,37.7733,-122.43,19154,California
PPA,37.8742,-122.295,19155,California
PPA,37.8742,-122.295,19156,California
PPA,37.4202,-122.109,19157,California
PPA,37.4202,-122.109,19158,California
PPA,37.7805,-122.501,19159,California
PPA,37.7805,-122.501,19160,California
PPA,37.7603,-122.501,19163,California
PPA,37.7603,-122.501,19164,California
PPA,37.3326,-122.017,19167,California
PPA,37.3326,-122.017,19168,California
PPA,37.4563,-122.263,19169,California
PPA,37.4563,-122.263,19170,California
PPA,37.4398,-122.255,19171,California
PPA,37.4398,-122.255,19172,California
PPA,37.8977,-122.263,19182,California
PPA,37.4491,-122.127,19185,California
PPA,37.4491,-122.127,19186,California
PPA,37.7509,-122.42,19189,California
PPA,37.7509,-122.42,19190,California
PPA,37.4718,-122.256,19201,California
PPA,37.4718,-122.256,19202,California
PPA,36.9673,-121.885,19211,California
PPA,36.9673,-121.885,19212,California
PPA,37.9156,-121.744,19221,California
PPA,37.9156,-121.744,19222,California
PPA,37.4048,-122.124,19229,California
PPA,37.4048,-122.124,19230,California
PPA,37.8609,-122.252,19233,California
PPA,37.8609,-122.252,19234,California
PPA,37.4048,-122.124,19237,California
PPA,37.4048,-122.124,19238,California
PPA,37.8198,-122.189,19254,California
PPA,37.062,-122.067,19257,California
PPA,37.062,-122.067,19258,California
PPA,37.7324,-122.439,19262,California
PPA,37.2887,-122.226,19265,California
PPA,37.2887,-122.226,19266,California
PPA,37.8237,-122.231,19275,California
PPA,37.8237,-122.231,19276,California
PPA,38.3368,-122.429,19281,California
PPA,38.3368,-122.429,19282,California
PPA,38.6453,-121.077,19283,California
PPA,38.6453,-121.077,19284,California
PPA,37.7154,-122.476,19287,California
PPA,37.7154,-122.476,19288,California
PPA,37.6251,-122.452,19289,California
PPA,37.6251,-122.452,19290,California
PPA,37.4495,-122.164,19293,California
PPA,37.4495,-122.164,19294,California
PPA,37.7669,-122.238,19299,California
PPA,37.7669,-122.238,19300,California
PPA,37.8221,-122.228,19301,California
PPA,37.8221,-122.228,19302,California
PPA,37.3891,-122.239,19303,California
PPA,37.3891,-122.239,19304,California
PPA,38.1758,-120.455,19305,California
PPA,38.1758,-120.455,19306,California
PPA,37.3407,-121.974,19313,California
PPA,37.3407,-121.974,19314,California
PPA,37.7962,-122.419,19316,California
PPA,37.3974,-122.078,19317,California
PPA,37.3974,-122.078,19318,California
PPA,37.5073,-122.477,19319,California
PPA,37.5073,-122.477,19320,California
PPA,37.5053,-122.267,19323,California
PPA,37.5053,-122.267,19324,California
PPA,36.9518,-122.044,19331,California
PPA,36.9518,-122.044,19332,California
PPA,38.2916,-120.277,19333,California
PPA,38.2916,-120.277,19334,California
PPA,37.7856,-122.483,19335,California
PPA,37.7856,-122.483,19336,California
PPA,38.5724,-121.75,19339,California
PPA,38.5724,-121.75,19340,California
PPA,37.8727,-122.287,19344,California
PPA,37.6374,-121.895,19349,California
PPA,37.6374,-121.895,19350,California
PPA,38.5162,-122.975,19351,California
PPA,38.5162,-122.975,19352,California
PPA,37.4134,-122.112,19353,California
PPA,37.4134,-122.112,19354,California
PPA,37.6746,-122.135,19357,California
PPA,37.6746,-122.135,19358,California
PPA,37.8004,-121.937,19359,California
PPA,37.8004,-121.937,19360,California
PPA,38.6772,-121.116,19363,California
PPA,38.6772,-121.116,19364,California
PPA,37.4732,-121.916,19373,California
PPA,37.4732,-121.916,19374,California
PPA,37.5091,-122.256,19375,California
PPA,37.5091,-122.256,19376,California
PPA,37.8863,-122.287,19378,California
PPA,38.5005,-122.035,19379,California
PPA,38.5005,-122.035,19380,California
PPA,37.3288,-121.898,19384,California
PPA,37.8802,-120.402,19385,California
PPA,37.8802,-120.402,19386,California
PPA,37.6875,-121.735,19387,California
PPA,37.6875,-121.735,19388,California
PPA,37.3636,-122.056,19389,California
PPA,37.3636,-122.056,19390,California
PPA,37.4609,-122.179,19391,California
PPA,37.4609,-122.179,19392,California
PPA,38.0321,-122.262,19393,California
PPA,38.0321,-122.262,19394,California
PPA,37.9836,-121.368,19403,California
PPA,37.9836,-121.368,19404,California
PPA,37.7782,-122.395,19411,California
PPA,37.7782,-122.395,19412,California
PPA,38.4876,-122.87,19415,California
PPA,38.4876,-122.87,19416,California
PPA,37.7576,-122.409,19420,California
PPA,37.5491,-122.309,19421,California
PPA,37.5491,-122.309,19422,California
PPA,38.0998,-120.861,19423,California
PPA,38.0998,-120.861,19424,California
PPA,38.3133,-122.478,19431,California
PPA,38.3133,-122.478,19432,California
PPA,36.9858,-121.946,19437,California
PPA,36.9858,-121.946,19438,California
PPA,37.8604,-122.237,19448,California
PPA,37.7116,-122.392,19449,California
PPA,37.7116,-122.392,19450,California
PPA,36.9859,-121.956,19457,California
PPA,36.9859,-121.956,19458,California
PPA,37.7483,-122.449,19459,California
PPA,37.7483,-122.449,19460,California
PPA,36.9783,-122.026,19463,California
PPA,36.9783,-122.026,19464,California
PPA,37.8137,-121.22,19467,California
PPA,37.8137,-121.22,19468,California
PPA,37.6826,-122.046,19479,California
PPA,37.6826,-122.046,19480,California
PPA,37.4711,-121.109,19491,California
PPA,37.4711,-121.109,19492,California
PPA,38.4524,-122.816,19495,California
PPA,38.4524,-122.816,19496,California
PPA,37.196,-121.841,19497,California
PPA,37.196,-121.841,19498,California
PPA,37.6376,-122.118,19505,California
PPA,37.6376,-122.118,19506,California
PPA,37.7707,-122.164,19509,California
PPA,37.7707,-122.164,19510,California
PPA,37.5657,-122.299,19513,California
PPA,37.5657,-122.299,19514,California
PPA,37.9594,-122.539,19515,California
PPA,37.9594,-122.539,19516,California
PPA,37.9055,-122.494,19529,California
PPA,37.9055,-122.494,19530,California
PPA,37.5914,-122.463,19533,California
PPA,37.5914,-122.463,19534,California
PPA,37.7479,-122.422,19542,California
PPA,38.1647,-120.412,19547,California
PPA,38.1647,-120.412,19548,California
PPA,37.7749,-122.438,19550,California
PPA,37.2504,-121.989,19552,California
PPA,38.6868,-123.431,19565,California
PPA,38.6868,-123.431,19566,California
PPA,37.8689,-122.044,19571,California
PPA,37.8689,-122.044,19572,California
PPA,37.8992,-122.052,19581,California
PPA,37.8992,-122.052,19582,California
PPA,37.0072,-121.56,19585,California
PPA,37.0072,-121.56,19586,California
PPA,37.4505,-122.15,19591,California
PPA,37.4505,-122.15,19592,California
PPA,38.4648,-121.342,19595,California
PPA,38.4648,-121.342,19596,California
PPA,37.791,-122.216,19599,California
PPA,37.791,-122.216,19600,California
PPA,38.0701,-122.827,19605,California
PPA,38.0701,-122.827,19606,California
PPA,37.6546,-122.029,19613,California
PPA,37.6546,-122.029,19614,California
PPA,37.2581,-121.996,19627,California
PPA,37.2581,-121.996,19628,California
PPA,37.6512,-122.022,19629,California
PPA,37.6512,-122.022,19630,California
PPA,37.4648,-122.442,19631,California
PPA,37.4648,-122.442,19632,California
PPA,37.402,-122.119,19634,California
PPA,37.9521,-121.919,19635,California
PPA,37.9521,-121.919,19636,California
PPA,37.2605,-121.891,19637,California
PPA,37.2605,-121.891,19638,California
PPA,37.3481,-122.029,19639,California
PPA,37.3481,-122.029,19640,California
PPA,37.875,-122.449,19647,California
PPA,37.875,-122.449,19648,California
PPA,38.5469,-122.795,19649,California
PPA,38.5469,-122.795,19650,California
PPA,37.774,-122.415,19657,California
PPA,37.774,-122.415,19658,California
PPA,37.0506,-122.158,19669,California
PPA,37.0506,-122.158,19670,California
PPA,37.7831,-122.421,19671,California
PPA,37.7831,-122.421,19672,California
PPA,37.8638,-122.134,19677,California
PPA,37.8638,-122.134,19678,California
PPA,37.2811,-121.887,19681,California
PPA,37.2811,-121.887,19682,California
PPA,37.2243,-121.981,19686,California
PPA,36.9756,-122.005,19690,California
PPA,37.198,-121.995,19691,California
PPA,37.198,-121.995,19692,California
PPA,37.8693,-122.248,19693,California
PPA,37.8693,-122.248,19694,California
PPA,37.2193,-121.936,19703,California
PPA,37.2193,-121.936,19704,California
PPA,37.6195,-122.483,19705,California
PPA,37.6195,-122.483,19706,California
PPA,37.2432,-121.924,19708,California
PPA,37.7403,-122.41,19711,California
PPA,37.7403,-122.41,19712,California
PPA,37.921,-122.386,19714,California
PPA,37.0854,-122.047,19719,California
PPA,37.0854,-122.047,19720,California
PPA,37.4549,-122.263,19729,California
PPA,37.4549,-122.263,19730,California
PPA,37.8392,-122.284,19735,California
PPA,37.8392,-122.284,19736,California
PPA,38.4314,-122.868,19743,California
PPA,38.4314,-122.868,19744,California
PPA,37.7069,-122.464,19750,California
PPA,37.8135,-121.957,19777,California
PPA,37.8135,-121.957,19778,California
PPA,37.6135,-122.407,19855,California
PPA,37.7621,-122.442,19874,California
PPA,37.4055,-122.092,19876,California
PPA,37.2761,-121.827,19977,California
PPA,37.2761,-121.827,19978,California
PPA,37.9703,-121.761,19979,California
PPA,37.9703,-121.761,19980,California
PPA,37.206,-121.828,19987,California
PPA,37.206,-121.828,19988,California
PPA,37.3302,-122.027,19993,California
PPA,37.3302,-122.027,19994,California
PPA,37.7438,-122.463,19997,California
PPA,37.7438,-122.463,19998,California
PPA,37.5088,-122.283,20003,California
PPA,37.5088,-122.283,20004,California
PPA,37.5098,-121.913,20009,California
PPA,37.5098,-121.913,20010,California
PPA,37.7362,-122.253,20017,California
PPA,37.7362,-122.253,20018,California
PPA,38.5539,-121.757,20083,California
PPA,38.5539,-121.757,20084,California
PPA,38.5376,-121.722,20085,California
PPA,38.5376,-121.722,20086,California
PPA,37.7519,-122.445,20089,California
PPA,37.7519,-122.445,20090,California
PPA,37.1715,-121.938,20097,California
PPA,37.1715,-121.938,20098,California
PPA,38.7249,-121.084,20107,California
PPA,38.7249,-121.084,20108,California
PPA,37.4118,-122.132,20115,California
PPA,37.4118,-122.132,20116,California
PPA,37.2377,-121.982,20123,California
PPA,37.2377,-121.982,20124,California
PPA,37.9582,-122.53,20127,California
PPA,37.9582,-122.53,20128,California
PPA,37.7928,-122.454,20129,California
PPA,37.7928,-122.454,20130,California
PPA,37.7735,-122.422,20131,California
PPA,37.7735,-122.422,20132,California
PPA,37.9565,-120.236,20139,California
PPA,37.9565,-120.236,20140,California
PPA,37.4124,-122.142,20141,California
PPA,37.4124,-122.142,20142,California
PPA,37.5341,-122.057,20143,California
PPA,37.5341,-122.057,20144,California
PPA,37.4079,-122.115,20145,California
PPA,37.4079,-122.115,20146,California
PPA,38.6322,-121.485,20153,California
PPA,38.6322,-121.485,20154,California
PPA,37.5266,-122.29,20159,California
PPA,37.5266,-122.29,20160,California
PPA,37.3262,-121.869,20161,California
PPA,37.3262,-121.869,20162,California
PPA,37.3862,-122.073,20165,California
PPA,37.3862,-122.073,20166,California
PPA,37.7901,-122.428,20175,California
PPA,37.7901,-122.428,20176,California
PPA,37.7333,-122.429,20179,California
PPA,37.7333,-122.429,20180,California
PPA,38.4634,-122.723,20183,California
PPA,38.4634,-122.723,20184,California
PPA,38.055,-122.158,20187,California
PPA,38.055,-122.158,20188,California
PPA,37.3962,-122.073,20190,California
PPA,37.464,-122.239,20194,California
PPA,38.5432,-121.472,20197,California
PPA,38.5432,-121.472,20198,California
PPA,37.7745,-122.266,20199,California
PPA,37.7745,-122.266,20200,California
PPA,37.7402,-122.421,20203,California
PPA,37.7402,-122.421,20204,California
PPA,38.0622,-122.16,20207,California
PPA,38.0622,-122.16,20208,California
PPA,37.578,-122.387,20209,California
PPA,37.578,-122.387,20210,California
PPA,37.3581,-121.992,20217,California
PPA,37.3581,-121.992,20218,California
PPA,37.7979,-122.421,20225,California
PPA,37.7979,-122.421,20226,California
PPA,37.6552,-121.778,20235,California
PPA,37.6552,-121.778,20236,California
PPA,37.8916,-122.262,20246,California
PPA,37.8749,-122.242,20350,California
PPA,37.1017,-121.902,20383,California
PPA,37.1017,-121.902,20384,California
PPA,37.7526,-121.959,20413,California
PPA,37.7526,-121.959,20414,California
PPA,37.8263,-120.732,20423,California
PPA,37.8263,-120.732,20424,California
PPA,37.2655,-121.981,20469,California
PPA,37.2655,-121.981,20470,California
PPA,37.4714,-122.161,20473,California
PPA,37.4714,-122.161,20474,California
PPA,37.6537,-122.489,20486,California
PPA,37.8934,-122.54,20499,California
PPA,37.8934,-122.54,20500,California
PPA,37.7991,-122.406,20501,California
PPA,37.7991,-122.406,20502,California
PPA,37.3232,-122.072,20503,California
PPA,37.3232,-122.072,20504,California
PPA,37.8809,-122.543,20505,California
PPA,37.8809,-122.543,20506,California
PPA,37.9229,-122.528,20515,California
PPA,37.9229,-122.528,20516,California
PPA,37.8189,-122.268,20519,California
PPA,37.8189,-122.268,20520,California
PPA,37.5714,-122.32,20543,California
PPA,37.5714,-122.32,20544,California
PPA,37.6475,-121.913,20547,California
PPA,37.6475,-121.913,20548,California
PPA,37.5362,-121.993,20565,California
PPA,37.5362,-121.993,20566,California
PPA,37.2462,-122.128,20573,California
PPA,37.2462,-122.128,20574,California
PPA,37.8787,-122.525,20593,California
PPA,37.8787,-122.525,20594,California
PPA,38.1888,-120.004,20657,California
PPA,38.1888,-120.004,20658,California
PPA,37.1331,-121.951,20659,California
PPA,37.1331,-121.951,20660,California
PPA,37.4945,-122.264,20707,California
PPA,37.4945,-122.264,20708,California
PPA,37.7514,-122.437,20709,California
PPA,37.7514,-122.437,20710,California
PPA,37.746,-122.416,20721,California
PPA,37.746,-122.416,20722,California
PPA,37.6642,-122.396,20738,California
PPA,38.053,-122.659,20743,California
PPA,38.053,-122.659,20744,California
PPA,37.839,-122.205,20747,California
PPA,37.839,-122.205,20748,California
PPA,37.8163,-122.251,20781,California
PPA,37.8163,-122.251,20782,California
PPA,37.7438,-122.434,20785,California
PPA,37.7438,-122.434,20786,California
PPA,38.3191,-122.29,20791,California
PPA,38.3191,-122.29,20792,California
PPA,37.4938,-122.253,20801,California
PPA,37.4938,-122.253,20802,California
PPA,37.381,-121.865,20833,California
PPA,37.381,-121.865,20834,California
PPA,37.3639,-122.209,20837,California
PPA,37.3639,-122.209,20838,California
PPA,37.4117,-122.162,20857,California
PPA,37.4117,-122.162,20858,California
PPA,37.7032,-121.928,20877,California
PPA,37.7032,-121.928,20878,California
PPA,37.905,-122.142,20879,California
PPA,37.905,-122.142,20880,California
PPA,37.862,-122.094,20881,California
PPA,37.862,-122.094,20882,California
PPA,37.9078,-122.102,20883,California
PPA,37.9078,-122.102,20884,California
PPA,37.5935,-122.478,20893,California
PPA,37.5935,-122.478,20894,California
PPA,37.5768,-122.378,20896,California
PPA,38.0046,-122.549,20901,California
PPA,38.0046,-122.549,20902,California
PPA,37.889,-122.118,20903,California
PPA,37.889,-122.118,20904,California
PPA,37.854,-122.277,20928,California
PPA,37.7993,-122.195,20951,California
PPA,37.7993,-122.195,20952,California
PPA,38.4399,-122.661,20971,California
PPA,38.4399,-122.661,20972,California
PPA,37.749,-122.443,20989,California
PPA,37.749,-122.443,20990,California
PPA,38.2896,-122.432,20997,California
PPA,38.2896,-122.432,20998,California
PPA,37.8815,-122.276,21057,California
PPA,37.8815,-122.276,21058,California
PPA,37.569,-122.318,21065,California
PPA,37.569,-122.318,21066,California
PPA,38.0407,-122.543,21071,California
PPA,38.0407,-122.543,21072,California
PPA,37.8172,-121.99,21101,California
PPA,37.8172,-121.99,21102,California
PPA,37.7392,-122.439,21227,California
PPA,37.7392,-122.439,21228,California
PPA,37.9121,-122.473,21235,California
PPA,37.9121,-122.473,21236,California
PPA,37.393,-122.01,21243,California
PPA,37.393,-122.01,21244,California
PPA,38.4864,-123.057,21247,California
PPA,38.4864,-123.057,21248,California
PPA,37.8906,-122.205,21251,California
PPA,37.8906,-122.205,21252,California
PPA,38.3223,-122.485,21283,California
PPA,38.3223,-122.485,21284,California
PPA,37.6687,-121.788,21313,California
PPA,37.6687,-121.788,21314,California
PPA,37.9053,-122.495,21351,California
PPA,37.9053,-122.495,21352,California
PPA,38.3114,-123.052,21361,California
PPA,38.3114,-123.052,21364,California
PPA,37.7776,-122.468,21387,California
PPA,37.7776,-122.468,21388,California
PPA,37.298,-122.099,21423,California
PPA,37.298,-122.099,21424,California
PPA,37.6226,-122.421,21427,California
PPA,37.6226,-122.421,21428,California
PPA,37.4405,-122.136,21431,California
PPA,37.4405,-122.136,21432,California
PPA,37.7607,-122.424,21435,California
PPA,37.7607,-122.424,21438,California
PPA,37.4166,-122.128,21439,California
PPA,37.4166,-122.128,21440,California
PPA,37.7523,-122.4,21443,California
PPA,37.7523,-122.4,21444,California
PPA,37.5,-118.623,21445,California
PPA,37.5,-118.623,21446,California
PPA,37.2684,-122.03,21449,California
PPA,37.2684,-122.03,21450,California
PPA,37.7146,-122.13,21465,California
PPA,37.7146,-122.13,21466,California
PPA,37.8486,-122.284,21473,California
PPA,37.8486,-122.284,21474,California
PPA,37.3975,-121.943,21579,California
PPA,37.3975,-121.943,21580,California
PPA,37.5554,-122.361,21622,California
PPA,37.8344,-122.273,21719,California
PPA,37.8344,-122.273,21720,California
PPA,37.9007,-122.263,21783,California
PPA,37.9007,-122.263,21784,California
PPA,37.4346,-122.121,21785,California
PPA,37.4346,-122.121,21786,California
PPA,37.5554,-122.361,21848,California
PPA,37.5599,-122.356,21851,California
PPA,37.5599,-122.356,21852,California
PPA,36.9674,-122.043,21887,California
PPA,36.9674,-122.043,21888,California
PPA,38.0912,-122.277,21912,California
PPA,38.0912,-122.277,21914,California
PPA,38.5713,-122.694,21994,California
PPA,38.5713,-122.694,21996,California
PPA,38.5384,-121.427,22033,California
PPA,38.5384,-121.427,22034,California
PPA,37.3372,-122.091,22035,California
PPA,37.3372,-122.091,22036,California
PPA,37.4155,-122.167,22037,California
PPA,37.4155,-122.167,22038,California
PPA,38.549,-121.686,22049,California
PPA,38.549,-121.686,22050,California
PPA,37.7323,-122.443,22051,California
PPA,37.7323,-122.443,22052,California
PPA,37.3429,-122.069,22053,California
PPA,37.3429,-122.069,22054,California
PPA,37.8646,-122.173,22063,California
PPA,37.8646,-122.173,22064,California
PPA,38.328,-122.705,22071,California
PPA,38.328,-122.705,22072,California
PPA,37.8848,-122.269,22079,California
PPA,37.8848,-122.269,22080,California
PPA,37.3529,-122.019,22082,California
PPA,37.9104,-122.506,22099,California
PPA,37.9104,-122.506,22100,California
PPA,37.7596,-122.404,22311,California
PPA,37.7596,-122.404,22312,California
PPA,37.8741,-122.256,22316,California
PPA,37.8949,-122.276,22319,California
PPA,37.8949,-122.276,22320,California
PPA,37.9041,-122.536,22337,California
PPA,37.9041,-122.536,22338,California
PPA,37.6004,-122.392,22407,California
PPA,37.6004,-122.392,22408,California
PPA,37.7464,-122.413,22415,California
PPA,37.7464,-122.413,22416,California
PPA,37.8138,-122.224,22423,California
PPA,37.8138,-122.224,22424,California
PPA,38.0796,-122.155,22451,California
PPA,38.0796,-122.155,22452,California
PPA,37.331,-121.942,22453,California
PPA,37.331,-121.942,22454,California
PPA,37.0121,-121.901,22455,California
PPA,37.0121,-121.901,22456,California
PPA,38.5078,-122.472,22459,California
PPA,38.5078,-122.472,22460,California
PPA,37.3136,-122.009,22461,California
PPA,37.3136,-122.009,22462,California
PPA,37.8742,-122.256,22463,California
PPA,37.8742,-122.256,22464,California
PPA,37.4907,-121.911,22471,California
PPA,37.4907,-121.911,22472,California
PPA,37.1867,-121.547,22481,California
PPA,37.1867,-121.547,22482,California
PPA,37.8136,-122.286,22489,California
PPA,37.8136,-122.286,22490,California
PPA,37.8844,-122.279,22493,California
PPA,37.8844,-122.279,22494,California
PPA,37.8604,-122.238,22501,California
PPA,37.8604,-122.238,22502,California
PPA,38.7437,-120.836,22503,California
PPA,38.7437,-120.836,22504,California
PPA,38.0132,-122.686,22509,California
PPA,38.0132,-122.686,22510,California
PPA,37.745,-122.43,22523,California
PPA,37.745,-122.43,22524,California
PPA,38.3278,-123.059,22587,California
PPA,38.3278,-123.059,22588,California
PPA,37.7536,-122.506,22589,California
PPA,37.7536,-122.506,22590,California
PPA,37.336,-121.736,22667,California
PPA,37.336,-121.736,22668,California
PPA,37.4532,-122.231,22755,California
PPA,37.4532,-122.231,22756,California
PPA,37.7271,-122.443,22873,California
PPA,37.7271,-122.443,22874,California
PPA,38.0168,-122.254,22883,California
PPA,38.0168,-122.254,22884,California
PPA,37.4476,-122.149,22945,California
PPA,37.4476,-122.149,22946,California
PPA,38.5673,-121.459,22959,California
PPA,38.5673,-121.459,22960,California
PPA,37.7721,-122.442,22989,California
PPA,37.7721,-122.442,22990,California
PPA,37.848,-122.255,23061,California
PPA,37.848,-122.255,23062,California
PPA,37.7272,-122.44,23083,California
PPA,37.7272,-122.44,23084,California
PPA,37.8796,-122.549,23085,California
PPA,37.8796,-122.549,23086,California
PPA,37.0264,-121.604,23095,California
PPA,37.0264,-121.604,23097,California
PPA,37.856,-122.245,23103,California
PPA,37.856,-122.245,23104,California
PPA,37.7462,-122.421,23121,California
PPA,37.7462,-122.421,23122,California
PPA,38.0974,-122.26,23597,California
PPA,38.0974,-122.26,23598,California
PPA,37.7374,-122.027,23915,California
PPA,37.7374,-122.027,23916,California
PPA,37.7474,-122.413,23927,California
PPA,37.7474,-122.413,23928,California
PPA,38.072,-122.152,23933,California
PPA,38.072,-122.152,23934,California
PPA,37.761,-122.498,23942,California
PPA,37.3203,-122.066,23953,California
PPA,37.3203,-122.066,23954,California
PPA,38.4243,-122.584,23962,California
PPA,37.472,-122.276,24011,California
PPA,37.472,-122.276,24012,California
PPA,37.9747,-121.77,24201,California
PPA,37.9747,-121.77,24202,California
PPA,37.7821,-122.39,24223,California
PPA,37.7821,-122.39,24224,California
PPA,38.3031,-122.732,24227,California
PPA,38.3031,-122.732,24228,California
PPA,37.7585,-122.408,24263,California
PPA,37.7585,-122.408,24264,California
PPA,37.8707,-122.017,24289,California
PPA,37.8707,-122.017,24290,California
PPA,37.7055,-122.105,24573,California
PPA,37.7055,-122.105,24574,California
PPA,38.013,-122.55,25489,California
PPA,38.013,-122.55,25490,California
PPA,38.5629,-121.463,25491,California
PPA,38.5629,-121.463,25492,California
IMPROVE,44.38,-68.26,ACAD1,Acadia NP
IMPROVE,42.09,-77.21,ADPI1,Addison Pinnacle
IMPROVE,33.46,-116.97,AGTI1,Agua Tibia
IMPROVE,67.1,-157.86,AMBL1,Ambler
IMPROVE,38.78,-109.58,ARCH1,Arches NP
IMPROVE,39.92,-77.31,AREN1,Arendtsville
IMPROVE,33.69,-84.29,ATLA1,South Dekalb
IMPROVE,43.74,-101.94,BADL1,Badlands NP
IMPROVE,51.03,-115.03,BALA1,Barrier Lake
IMPROVE,34.06,-109.44,BALD1,Mount Baldy
IMPROVE,39.25,-76.71,BALT1,Baltimore
IMPROVE,35.78,-106.27,BAND1,Bandelier NM
IMPROVE,29.3,-103.18,BIBE1,Big Bend NP
IMPROVE,29.3,-103.18,BIBEX,Big Bend NP (#2)
IMPROVE,33.55,-86.81,BIRM1,North Birmingham
IMPROVE,38.98,-120.1,BLIS1,Bliss SP (TRPA)
IMPROVE,43.72,-96.19,BLMO1,Blue Mounds
IMPROVE,43.72,-96.19,BLMOX,Blue Mounds (#2)
IMPROVE,33.87,-106.85,BOAP1,Bosque del Apache
IMPROVE,42.85,-109.64,BOLA1,Boulder Lake
IMPROVE,40.05,-88.37,BOND1,Bondville
IMPROVE,47.95,-91.5,BOWA1,Boundary Waters Canoe Area
IMPROVE,37.62,-112.17,BRCA1,Bryce Canyon NP
IMPROVE,29.12,-89.21,BRET1,Breton
IMPROVE,42.97,-109.76,BRID1,Bridger Wilderness
IMPROVE,39.47,-74.45,BRIG1,Brigantine NWR
IMPROVE,30.11,-89.76,BRIS1,Breton Island
IMPROVE,30.11,-89.76,BRISX,Breton Island (#2)
IMPROVE,41.37,-106.24,BRLA1,Brooklyn Lake
IMPROVE,44.11,-70.73,BRMA1,Bridgton
IMPROVE,37.97,124.63,BYIS1,Baengnyeong Island
IMPROVE,37.97,124.63,BYISX,Baengnyeong Island (#2)
IMPROVE,37.97,124.63,BYISX,Baengnyeong Island Co-located A Module (#2)
IMPROVE,43.83,-70.06,CABA1,Casco Bay
IMPROVE,47.95,-115.67,CABI1,Cabinet Mountains
IMPROVE,41.98,-70.02,CACO1,Cape Cod
IMPROVE,34.45,-94.14,CACR1,Caney Creek
IMPROVE,36.78,-87.85,CADI1,Cadiz
IMPROVE,38.46,-109.82,CANY1,Canyonlands NP
IMPROVE,38.3,-111.29,CAPI1,Capitol Reef NP
IMPROVE,32.18,-104.44,CAVE1,Carlsbad Caverns
IMPROVE,38.77,-99.76,CEBL1,Cedar Bluff
IMPROVE,28.75,-82.55,CHAS1,Chassahowitzka NWR
IMPROVE,36.96,-97.03,CHER1,Cherokee Nation
IMPROVE,41.75,-87.71,CHIC1,Chicago
IMPROVE,32.01,-109.39,CHIR1,Chiricahua NM
IMPROVE,44.33,-106.96,CLPE1,Cloud Peak
IMPROVE,45.57,-122.21,COGO1,Columbia Gorge #1
IMPROVE,42.4,-76.65,COHI1,Connecticut Hill
IMPROVE,34.79,-84.63,COHU1,Cohutta
IMPROVE,45.66,-121,CORI1,Columbia River Gorge
IMPROVE,41.76,-102.43,CRES1,Crescent Lake
IMPROVE,42.9,-122.14,CRLA1,Crater Lake NP
IMPROVE,43.46,-113.56,CRMO1,Craters of the Moon NM
IMPROVE,63.72,-148.97,DENA1,Denali NP
IMPROVE,42.23,-83.21,DETR1,Detroit
IMPROVE,36.51,-116.85,DEVA1,Death Valley NP
IMPROVE,40.25,-108.97,DINO1,Dinosaur NM
IMPROVE,35.7,-118.2,DOLA1,Dome Lands Wilderness
IMPROVE,35.73,-118.14,DOME1,Dome Lands Wilderness
IMPROVE,39.11,-79.43,DOSO1,Dolly Sods Wilderness
IMPROVE,31.35,-109.54,DOUG1,Douglas
IMPROVE,44.23,-79.78,EGBE1,Egbert
IMPROVE,37.7,-94.03,ELDO1,El Dorado Springs
IMPROVE,36.09,-99.94,ELLI1,Ellis
IMPROVE,25.39,-80.68,EVER1,Everglades NP
IMPROVE,25.39,-80.68,EVERX,Everglades NP (#2)
IMPROVE,45.56,-88.81,FCPC1,Forest County Potawatomi Community
IMPROVE,47.77,-114.27,FLAT1,Flathead
IMPROVE,39.92,-107.63,FLTO1,Flat Tops
IMPROVE,48.31,-105.1,FOPE1,Fort Peck
IMPROVE,36.78,-119.77,FRES1,Fresno
IMPROVE,39.71,-79.01,FRRE1,Frostburg Reservoir (Big Piney Run)
IMPROVE,39.71,-79.01,FRREX,Frostburg Reservoir (Big Piney Run) (#2)
IMPROVE,66.9,-151.52,GAAR1,Gates of the Arctic NP
IMPROVE,46.83,-111.71,GAMO1,Gates of the Mountains
IMPROVE,46.83,-111.71,GAMOX,Gates of the Mountains (#2)
IMPROVE,33.22,-108.24,GICL1,Gila Wilderness
IMPROVE,48.51,-114,GLAC1,Glacier NP
IMPROVE,39.01,-114.22,GRBA1,Great Basin NP
IMPROVE,36.07,-112.15,GRCA1,Hopi Point #1
IMPROVE,35.97,-111.98,GRCA2,Hance Camp at Grand Canyon NP
IMPROVE,44.31,-71.22,GRGU1,Great Gulf Wilderness
IMPROVE,43.94,-91.41,GRRI1,Great River Bluffs
IMPROVE,37.72,-105.52,GRSA1,Great Sand Dunes NM
IMPROVE,35.63,-83.94,GRSM1,Great Smoky Mountains NP
IMPROVE,35.63,-83.94,GRSM9,Great Smoky Mountains NP (PM10 Speciation)
IMPROVE,31.83,-104.81,GUMO1,Guadalupe Mountains NP
IMPROVE,20.76,-156.25,HACR1,Haleakala Crater
IMPROVE,20.81,-156.28,HALE1,Haleakala NP
IMPROVE,19.43,-155.26,HAVO1,Hawaii Volcanoes NP
IMPROVE,44.97,-116.84,HECA1,Hells Canyon
IMPROVE,36.61,-92.92,HEGL1,Hercules-Glades
IMPROVE,36.61,-92.92,HEGLX,Hercules-Glades (#2)
IMPROVE,34.43,-112.96,HILL1,Hillside
IMPROVE,38.09,-119.18,HOOV1,Hoover
IMPROVE,38.09,-119.18,HOOVX,Hoover (#2)
IMPROVE,29.67,-95.13,HOUS1,Houston Deer Park #2
IMPROVE,29.67,-95.13,HOUSX,Houston Deer Park #2 (#2)
IMPROVE,34.34,-111.68,IKBA1,Ike's Backbone
IMPROVE,36.08,-112.13,INGA1,Indian Gardens
IMPROVE,47.46,-88.15,ISLE1,Isle Royale NP
IMPROVE,47.92,-89.15,ISRO1,Isle Royale NP
IMPROVE,41.89,-115.43,JARB1,Jarbidge Wilderness
IMPROVE,41.89,-115.43,JARBX,Jarbidge Wilderness (#2)
IMPROVE,37.63,-79.51,JARI1,James River Face Wilderness
IMPROVE,37.62,-79.48,JEFF1,Jefferson NF
IMPROVE,34.07,-116.39,JOSH1,Joshua Tree NP
IMPROVE,34.07,-116.39,JOSHX,Joshua Tree NP (#2)
IMPROVE,34.07,-116.39,JOTR1,Joshua Tree NP
IMPROVE,37.22,-119.15,KAIS1,Kaiser
IMPROVE,42.55,-124.06,KALM1,Kalmiopsis
IMPROVE,60.01,-151.71,KPBO1,Kenai Peninsula Borough
IMPROVE,41.71,-121.51,LABE1,Lava Beds NM
IMPROVE,40.69,-91.99,LASU1,Lake Sugema
IMPROVE,40.69,-92.01,LASU2,Lake Sugema
IMPROVE,40.54,-121.58,LAVO1,Lassen Volcanic NP
IMPROVE,40.54,-121.58,LAVOX,Lassen Volcanic NP (#2)
IMPROVE,35.97,-81.93,LIGO1,Linville Gorge
IMPROVE,38.53,-86.26,LIVO1,Livonia
IMPROVE,42.86,-71.38,LOND1,Londonderry
IMPROVE,40.44,-111.71,LOPE1,Lone Peak Wilderness
IMPROVE,48.64,-102.4,LOST1,Lostwood
IMPROVE,38.92,-119.98,LTCC1,Lake Tahoe Community College
IMPROVE,43.15,-73.13,LYBR1,Lye Brook Wilderness
IMPROVE,42.96,-72.91,LYEB1,Lye Brook Wilderness
IMPROVE,48.95,-122.56,LYND1,Lynden
IMPROVE,37.13,-86.15,MACA1,Mammoth Cave NP
IMPROVE,37.13,-86.15,MACAX,Mammoth Cave NP (#2)
IMPROVE,48.37,-124.59,MAKA1,Makah Tribe
IMPROVE,48.3,-124.62,MAKA2,Makah Tribe Site #2
IMPROVE,19.54,-155.58,MALO1,Mauna Loa Observatory #1
IMPROVE,19.54,-155.58,MALO2,Mauna Loa Observatory #2
IMPROVE,19.54,-155.58,MALO3,Mauna Loa Observatory #3
IMPROVE,19.54,-155.58,MALO4,Mauna Loa Observatory #4
IMPROVE,41.33,-70.78,MAVI1,Martha's Vineyard
IMPROVE,36.02,-114.07,MEAD1,Meadview
IMPROVE,48.49,-104.48,MELA1,Medicine Lake
IMPROVE,48.49,-104.48,MELAX,Medicine Lake (#2)
IMPROVE,37.2,-108.49,MEVE1,Mesa Verde NP
IMPROVE,37.2,-108.49,MEVEX,Mesa Verde NP (#2)
IMPROVE,36.97,-90.14,MING1,Mingo
IMPROVE,41.43,-80.15,MKGO1,M.K. Goddard
IMPROVE,45.29,-121.78,MOHO1,Mount Hood
IMPROVE,41.82,-73.3,MOMO1,Mohawk Mt.
IMPROVE,47.12,-113.15,MONT1,Monture
IMPROVE,45.13,-67.27,MOOS1,Moosehorn NWR
IMPROVE,46.76,-122.12,MORA1,Mount Rainier NP
IMPROVE,40.54,-106.68,MOZI1,Mount Zirkel Wilderness
IMPROVE,41.89,-100.34,NEBR1,Nebraska NF
IMPROVE,40.82,-73.9,NEYO1,Is 52
IMPROVE,44.74,-109.38,NOAB1,North Absaroka
IMPROVE,48.73,-121.06,NOCA1,North Cascades
IMPROVE,45.65,-106.56,NOCH1,Northern Cheyenne
IMPROVE,31.34,-110.94,NOGA1,Nogales
IMPROVE,30.74,-82.13,OKEF1,Okefenokee NWR
IMPROVE,44.93,-68.65,OLTO1,Old Town
IMPROVE,48.01,-122.97,OLYM1,Olympic
IMPROVE,48.01,-122.97,OLYMX,Olympic (#2)
IMPROVE,42.15,-96.43,OMAH1,Omaha
IMPROVE,31.95,-112.8,ORPI1,Organ Pipe
IMPROVE,37.36,-118.33,OWVL1,Owens Valley
IMPROVE,42.86,-71.88,PACK1,Pack Monadnock Summit
IMPROVE,48.39,-119.93,PASA1,Pasayten
IMPROVE,35.08,-109.77,PEFO1,Petrified Forest NP
IMPROVE,44.95,-68.65,PENO1,Penobscot
IMPROVE,56.61,-132.81,PETE1,Petersburg
IMPROVE,33.5,-112.1,PHOE1,Phoenix
IMPROVE,33.5,-112.1,PHOE5,Phoenix Colocated Sampler
IMPROVE,33.5,-112.1,PHOE5,Phoenix Colocated Sampler (#2)
IMPROVE,36.48,-121.16,PINN1,Pinnacles NM
IMPROVE,40.47,-79.96,PITT1,Lawrenceville
IMPROVE,44.53,-72.87,PMRF1,Proctor Maple R. F.
IMPROVE,44.53,-72.87,PMRFX,Proctor Maple R. F. (#2)
IMPROVE,38.12,-122.91,PORE1,Point Reyes National Seashore
IMPROVE,46.7,-68.03,PRIS1,Presque Isle
IMPROVE,47.57,-122.31,PUSO1,Puget Sound
IMPROVE,39.94,-81.34,QUCI1,Quaker City
IMPROVE,42.3,-72.33,QURE1,Quabbin Summit
IMPROVE,42.3,-72.33,QUREX,Quabbin Summit (#2)
IMPROVE,33.29,-111.29,QUVA1,Queen Valley
IMPROVE,34.73,-120.01,RAFA1,San Rafael
IMPROVE,41.56,-124.08,REDW1,Redwood NP
IMPROVE,40.09,-107.31,RICR1,Ripple Creek
IMPROVE,40.36,-105.56,RMHQ1,Rocky Mountain NP HQ
IMPROVE,32.94,-79.66,ROMA1,Cape Romain NWR
IMPROVE,40.28,-105.55,ROMO1,Rocky Mountain NP
IMPROVE,34,-117.42,RUBI1,Rubidoux
IMPROVE,32.69,-106.48,SAAN1,San Andres
IMPROVE,33.46,-104.4,SACR1,Salt Creek
IMPROVE,39.98,-95.57,SAFO1,Sac and Fox
IMPROVE,39.98,-95.57,SAFOX,Sac and Fox (#2)
IMPROVE,34.3,-118.03,SAGA1,San Gabriel
IMPROVE,34.3,-118.03,SAGAX,San Gabriel (#2)
IMPROVE,34.19,-116.91,SAGO1,San Gorgonio Wilderness
IMPROVE,32.17,-110.74,SAGU1,Saguaro NM
IMPROVE,45.16,-114.03,SALM1,Salmon NF
IMPROVE,30.09,-84.16,SAMA1,St. Marks
IMPROVE,30.09,-84.16,SAMAX,St. Marks (#2)
IMPROVE,36.01,-106.84,SAPE1,San Pedro Parks
IMPROVE,32.25,-111.22,SAWE1,Saguaro West
IMPROVE,32.25,-111.22,SAWEX,Saguaro West (#2)
IMPROVE,44.17,-114.93,SAWT1,Sawtooth NF
IMPROVE,43.65,-113.03,SCOV1,Scoville
IMPROVE,46.29,-85.95,SENE1,Seney
IMPROVE,46.29,-85.95,SENEX,Seney (#2)
IMPROVE,36.49,-118.83,SEQU1,Sequoia NP
IMPROVE,38.52,-78.43,SHEN1,Shenandoah NP
IMPROVE,37.3,-107.48,SHMI1,Shamrock Mine
IMPROVE,35.39,-82.77,SHRO1,Shining Rock Wilderness
IMPROVE,34.09,-110.94,SIAN1,Sierra Ancha
IMPROVE,32.06,-92.44,SIKE1,Sikes
IMPROVE,55.33,-160.51,SIME1,Simeonof
IMPROVE,34.34,-87.34,SIPS1,Sipsey Wilderness
IMPROVE,47.42,-121.43,SNPA1,Snoqualmie Pass
IMPROVE,36.61,-97.49,SOGP1,Southern Great Plains
IMPROVE,38.93,-119.97,SOLA1,South Lake Tahoe
IMPROVE,47.9,-117.86,SPOK1,Spokane Res.
IMPROVE,45.22,-118.51,STAR1,Starkey
IMPROVE,35.75,-94.67,STIL1,Stilwell
IMPROVE,40.45,-106.74,STPE1,Storm Peak
IMPROVE,45.86,-114,SULA1,Sula Peak
IMPROVE,35.45,-76.21,SWAN1,Swanquarter
IMPROVE,35.45,-76.21,SWANX,Swanquarter (#2)
IMPROVE,35.14,-111.97,SYCA1,Sycamore Canyon
IMPROVE,35.16,-111.98,SYCA2,Sycamore Canyon
IMPROVE,38.43,-96.56,TALL1,Tallgrass
IMPROVE,44.66,-105.29,THBA1,Thunder Basin
IMPROVE,46.89,-103.38,THRO1,Theodore Roosevelt
IMPROVE,44.29,-122.04,THSI1,Three Sisters Wilderness
IMPROVE,33.65,-111.11,TONT1,Tonto NM
IMPROVE,68.63,-149.61,TOOL1,Toolik Lake Field Station
IMPROVE,62.32,-150.32,TRCR1,Trapper Creek
IMPROVE,62.32,-150.32,TRCRX,Trapper Creek (#2)
IMPROVE,40.79,-122.8,TRIN1,Trinity
IMPROVE,59.99,-152.67,TUXE1,Tuxedni
IMPROVE,47.58,-108.72,ULBE1,UL Bend
IMPROVE,35.83,-93.2,UPBU1,Upper Buffalo Wilderness
IMPROVE,18.34,-64.8,VIIS1,Virgin Islands NP
IMPROVE,40.97,-95.05,VILA1,Viking Lake
IMPROVE,48.41,-92.83,VOYA1,Voyageurs NP #1
IMPROVE,48.41,-92.83,VOYA2,Voyageurs NP #2
IMPROVE,38.95,-118.81,WARI1,Walker River Paiute Tribe
IMPROVE,38.88,-77.03,WASH1,Washington D.C.
IMPROVE,37.66,-107.8,WEMI1,Weminuche Wilderness
IMPROVE,33.47,-105.53,WHIT1,White Mountain
IMPROVE,46.62,-121.39,WHPA1,White Pass
IMPROVE,36.59,-105.45,WHPE1,Wheeler Peak
IMPROVE,39.15,-106.82,WHRI1,White River NF
IMPROVE,43.56,-103.48,WICA1,Wind Cave
IMPROVE,43.56,-103.48,WICAX,Wind Cave (#2)
IMPROVE,34.73,-98.71,WIMO1,Wichita Mountains
IMPROVE,34.38,-117.69,WRIG1,Wrightwood
IMPROVE,44.57,-110.4,YELL1,Yellowstone NP
IMPROVE,44.57,-110.4,YELL2,Yellowstone NP
IMPROVE,37.71,-119.71,YOSE1,Yosemite NP
IMPROVE,37.71,-119.71,YOSEX,Yosemite NP (#2)
IMPROVE,37.71,-119.71,YOSEX,Yosemite NP (#2)
IMPROVE,37.2,-113.15,ZICA1,Zion Canyon
IMPROVE,37.46,-113.22,ZION1,Zion
